h,model,MAE_pct,RMSE_pct,MAPE_level_pct,direction_acc,n,rel_RMSE_vs_RW
1,arima,1.085,1.468,1.083,0.723,65,0.833
1,drift,1.401,1.809,1.399,0.677,65,1.027
1,ensemble,0.971,1.354,0.968,0.831,65,0.769
1,lgbm,1.52,1.87,1.519,0.785,65,1.062
1,random_walk,1.33,1.761,1.316,0.0,65,1.0
1,ridge,1.031,1.419,1.026,0.815,65,0.806
2,arima,1.811,2.348,1.803,0.781,64,0.762
2,drift,2.634,3.235,2.636,0.719,64,1.05
2,ensemble,1.699,2.219,1.688,0.859,64,0.72
2,lgbm,3.112,3.641,3.102,0.766,64,1.182
2,random_walk,2.484,3.082,2.445,0.0,64,1.0
2,ridge,1.723,2.289,1.708,0.812,64,0.743
3,arima,2.514,3.119,2.508,0.762,63,0.722
3,drift,3.809,4.628,3.823,0.746,63,1.071
3,ensemble,2.516,3.071,2.507,0.762,63,0.71
3,lgbm,5.557,6.41,5.51,0.73,63,1.483
3,random_walk,3.571,4.323,3.495,0.0,63,1.0
3,ridge,2.658,3.257,2.646,0.794,63,0.753
4,arima,3.392,4.207,3.386,0.758,62,0.764
4,drift,4.894,5.992,4.928,0.758,62,1.088
4,ensemble,3.411,4.282,3.407,0.758,62,0.777
4,lgbm,7.332,8.846,7.233,0.742,62,1.605
4,random_walk,4.647,5.51,4.525,0.0,62,1.0
4,ridge,3.74,4.712,3.735,0.742,62,0.855
5,arima,4.13,5.095,4.134,0.705,61,0.772
5,drift,5.95,7.277,6.019,0.754,61,1.102
5,ensemble,4.13,5.095,4.134,0.705,61,0.772
5,lgbm,9.074,10.689,8.946,0.672,61,1.619
5,random_walk,5.695,6.602,5.521,0.0,61,1.0
5,ridge,5.041,6.33,5.081,0.721,61,0.959
6,arima,5.067,6.115,5.083,0.7,60,0.796
6,drift,6.976,8.569,7.089,0.75,60,1.115
6,ensemble,5.067,6.115,5.083,0.7,60,0.796
6,lgbm,10.27,12.287,10.265,0.65,60,1.599
6,random_walk,6.704,7.686,6.471,0.0,60,1.0
6,ridge,6.238,7.969,6.388,0.683,60,1.037
7,arima,5.899,7.188,5.924,0.746,59,0.823
7,drift,7.87,9.825,8.038,0.763,59,1.125
7,ensemble,5.899,7.188,5.924,0.746,59,0.823
7,lgbm,11.536,14.568,11.627,0.593,59,1.669
7,random_walk,7.645,8.731,7.346,0.0,59,1.0
7,ridge,7.582,10.061,7.854,0.712,59,1.152
8,arima,6.937,8.241,6.988,0.741,58,0.846
8,drift,8.815,11.074,9.051,0.759,58,1.137
8,ensemble,6.937,8.241,6.988,0.741,58,0.846
8,lgbm,12.858,16.589,13.147,0.534,58,1.703
8,random_walk,8.538,9.739,8.169,0.0,58,1.0
8,ridge,15.362,22.606,17.529,0.638,58,2.321
