weighting,h,in_likely_50,in_plausible_80
10-yr half-life,1,0.618,0.904
10-yr half-life,2,0.571,0.88
10-yr half-life,3,0.473,0.793
10-yr half-life,4,0.426,0.704
10-yr half-life,5,0.397,0.725
10-yr half-life,6,0.473,0.833
10-yr half-life,7,0.556,0.893
10-yr half-life,8,0.537,0.889
10-yr half-life,9,0.692,0.854
10-yr half-life,10,0.711,0.894
10-yr half-life,11,0.637,0.915
10-yr half-life,12,0.639,0.937
10-yr half-life,13,0.649,0.913
5-yr half-life,1,0.583,0.883
5-yr half-life,2,0.538,0.859
5-yr half-life,3,0.44,0.77
5-yr half-life,4,0.384,0.676
5-yr half-life,5,0.352,0.688
5-yr half-life,6,0.385,0.82
5-yr half-life,7,0.456,0.878
5-yr half-life,8,0.416,0.881
5-yr half-life,9,0.622,0.846
5-yr half-life,10,0.686,0.89
5-yr half-life,11,0.628,0.904
5-yr half-life,12,0.627,0.937
5-yr half-life,13,0.638,0.912
equal weights,1,0.659,0.924
equal weights,2,0.611,0.895
equal weights,3,0.514,0.801
equal weights,4,0.488,0.712
equal weights,5,0.476,0.732
equal weights,6,0.608,0.835
equal weights,7,0.672,0.895
equal weights,8,0.657,0.889
equal weights,9,0.73,0.858
equal weights,10,0.724,0.895
equal weights,11,0.64,0.923
equal weights,12,0.646,0.935
equal weights,13,0.653,0.915
