years,sales,groups,typical_err,within_10,range80_lo,range50_lo,range50_hi,range80_hi,bias
1,29414,27,8.95,0.55,-2.35,2.24,14.37,20.58,-7.43
2,19839,27,13.98,0.33,-2.23,6.25,22.96,29.68,-12.15
3,19783,27,16.09,0.29,-1.48,8.38,27.18,35.27,-13.7
4,19704,26,17.4,0.26,-1.62,9.47,29.83,40.85,-14.17
5,19652,25,17.47,0.26,-7.42,6.03,30.05,41.6,-13.33
6,19601,24,17.0,0.27,-11.81,-0.82,27.03,36.57,-10.81
7,19062,23,17.95,0.26,-16.6,-4.47,24.61,34.04,-6.42
8,16394,22,19.02,0.25,-21.88,-8.57,22.83,33.68,-3.61
9,12288,21,18.28,0.27,-20.34,-5.78,21.39,32.88,-5.45
10,9666,20,16.16,0.33,-15.01,-3.35,18.31,31.91,-5.38
11,7796,19,16.9,0.32,-15.26,-3.67,17.57,36.4,-5.79
12,6265,18,19.08,0.26,-16.87,-7.47,21.96,40.84,-6.82
13,4900,17,20.83,0.22,-19.11,-7.64,29.6,41.82,-9.97
14,3879,16,23.22,0.16,-18.71,-0.94,36.28,47.51,-15.83
15,3211,15,25.12,0.15,-17.23,5.12,42.64,54.13,-17.77
16,2794,14,25.77,0.15,-21.69,5.73,47.86,60.72,-15.59
17,2493,13,27.98,0.11,-33.55,-5.27,47.65,62.73,-13.17
18,2206,12,30.52,0.15,-38.84,-19.29,45.55,66.65,4.65
19,1872,11,32.5,0.2,-45.41,-23.02,45.99,68.86,9.95
20,1493,10,38.03,0.18,-48.61,-35.62,40.96,63.14,23.4
