years,method,sales,groups,typical_err,within_10,within_20,range80_lo,range80_hi,bias
1,"launch, condo/apartment",664,70,28.43,0.23,0.37,-21.04,140.99,-18.82
2,"launch, condo/apartment",1153,174,20.62,0.28,0.48,-28.26,88.3,-3.2
3,"launch, condo/apartment",2339,371,20.33,0.26,0.49,-32.17,82.62,-1.6
4,"launch, condo/apartment",5041,705,20.96,0.24,0.48,-27.07,76.21,-7.43
5,"launch, condo/apartment",9397,980,21.63,0.24,0.46,-29.11,71.12,-5.56
6,"launch, condo/apartment",11874,1077,21.42,0.25,0.47,-30.28,63.94,1.21
7,"launch, condo/apartment",11874,1098,22.28,0.24,0.46,-34.05,54.76,6.68
8,"launch, condo/apartment",10020,1059,23.27,0.22,0.44,-33.47,53.63,8.34
9,"launch, condo/apartment",10223,1038,25.9,0.18,0.39,-38.76,43.55,15.07
10,"launch, condo/apartment",9863,1027,26.7,0.18,0.38,-39.61,32.76,18.85
11,"launch, condo/apartment",8716,1011,26.09,0.19,0.38,-38.85,35.59,17.63
12,"launch, condo/apartment",7736,974,26.5,0.18,0.38,-40.66,37.75,16.97
13,"launch, condo/apartment",6274,929,26.99,0.18,0.38,-42.47,40.93,15.89
14,"launch, condo/apartment",5627,854,26.2,0.2,0.39,-42.83,40.36,14.4
15,"launch, condo/apartment",4567,767,23.27,0.23,0.44,-41.23,44.02,6.56
16,"launch, condo/apartment",3585,690,24.6,0.2,0.4,-41.56,48.99,3.61
17,"launch, condo/apartment",2766,566,27.24,0.18,0.36,-45.68,48.09,6.33
18,"launch, condo/apartment",2389,452,27.73,0.17,0.36,-46.4,44.54,11.01
19,"launch, condo/apartment",1847,374,27.59,0.19,0.35,-46.15,47.56,8.04
20,"launch, condo/apartment",1387,263,38.79,0.11,0.23,-51.74,52.84,24.92
3,"launch, EC, no EC adjustment",12,7,12.16,0.42,0.67,8.05,34.13,-12.16
4,"launch, EC, no EC adjustment",33,19,5.63,0.64,0.85,-8.81,23.59,-1.63
5,"launch, EC, no EC adjustment",56,26,6.48,0.59,0.89,-14.37,18.8,-1.69
6,"launch, EC, no EC adjustment",148,34,7.67,0.59,0.88,-12.46,23.19,-1.61
7,"launch, EC, no EC adjustment",810,39,18.26,0.28,0.55,-1.76,42.63,-17.91
8,"launch, EC, no EC adjustment",2756,42,16.45,0.29,0.63,-11.12,45.66,-14.04
9,"launch, EC, no EC adjustment",2359,40,14.84,0.33,0.67,-15.42,35.13,-3.76
10,"launch, EC, no EC adjustment",1329,40,15.47,0.32,0.65,-16.27,38.6,-8.98
11,"launch, EC, no EC adjustment",915,34,12.7,0.42,0.75,-9.02,37.93,-9.25
12,"launch, EC, no EC adjustment",654,28,7.95,0.6,0.92,-8.37,23.09,-5.29
13,"launch, EC, no EC adjustment",494,23,8.03,0.6,0.9,-10.9,19.89,-4.09
14,"launch, EC, no EC adjustment",269,18,6.2,0.61,0.87,-14.43,16.81,-0.34
15,"launch, EC, no EC adjustment",122,12,5.59,0.74,0.96,-8.69,16.12,0.99
16,"launch, EC, no EC adjustment",76,7,6.07,0.74,0.97,-11.04,10.83,1.86
17,"launch, EC, no EC adjustment",54,5,9.76,0.54,0.98,-14.79,11.33,7.62
18,"launch, EC, no EC adjustment",44,5,13.02,0.36,0.86,-16.92,7.39,12.77
19,"launch, EC, no EC adjustment",66,5,6.11,0.65,0.83,-19.76,7.1,2.97
20,"launch, EC, no EC adjustment",66,5,13.73,0.48,0.56,-23.84,4.77,11.5
3,"launch, EC, with EC adjustment",12,7,6.96,0.58,0.83,2.01,26.64,-6.96
4,"launch, EC, with EC adjustment",33,19,10.02,0.48,0.88,-15.3,16.69,4.54
5,"launch, EC, with EC adjustment",56,26,13.97,0.34,0.73,-20.74,9.36,12.92
6,"launch, EC, with EC adjustment",148,34,16.46,0.34,0.59,-23.66,1.62,15.52
7,"launch, EC, with EC adjustment",810,39,11.08,0.46,0.84,-19.41,17.12,0.04
8,"launch, EC, with EC adjustment",2756,42,13.3,0.42,0.63,-27.12,18.15,4.99
9,"launch, EC, with EC adjustment",2359,40,19.23,0.33,0.51,-30.98,9.99,18.69
10,"launch, EC, with EC adjustment",1329,40,15.25,0.36,0.6,-32.26,12.29,12.5
11,"launch, EC, with EC adjustment",915,34,14.49,0.35,0.66,-26.4,11.59,12.18
12,"launch, EC, with EC adjustment",654,28,17.31,0.26,0.58,-25.87,-0.42,17.09
13,"launch, EC, with EC adjustment",494,23,18.94,0.22,0.54,-27.93,-3.06,18.92
14,"launch, EC, with EC adjustment",269,18,23.69,0.13,0.34,-31.02,-5.88,23.69
15,"launch, EC, with EC adjustment",122,12,25.34,0.14,0.33,-26.43,-6.44,25.34
16,"launch, EC, with EC adjustment",76,7,26.42,0.08,0.3,-28.33,-10.71,26.42
17,"launch, EC, with EC adjustment",54,5,27.64,0.11,0.31,-28.45,-8.52,27.64
18,"launch, EC, with EC adjustment",44,5,28.77,0.18,0.32,-27.46,-5.74,28.77
19,"launch, EC, with EC adjustment",66,5,17.42,0.18,0.58,-29.57,-6.65,17.42
20,"launch, EC, with EC adjustment",66,5,27.03,0.17,0.48,-33.15,-8.04,27.03
1,"launch, freehold",584,63,25.5,0.26,0.41,-20.99,107.78,-15.07
2,"launch, freehold",815,159,16.59,0.36,0.56,-22.68,61.12,-3.95
3,"launch, freehold",1766,322,20.66,0.25,0.48,-29.57,90.59,-6.54
4,"launch, freehold",3342,573,21.45,0.25,0.47,-26.04,80.23,-8.35
5,"launch, freehold",4586,735,23.59,0.22,0.43,-29.93,79.66,-11.94
6,"launch, freehold",4506,805,26.64,0.19,0.38,-33.61,76.97,-8.17
7,"launch, freehold",3800,818,27.46,0.18,0.36,-36.56,68.94,-0.02
8,"launch, freehold",3565,795,27.88,0.19,0.36,-36.9,65.53,1.13
9,"launch, freehold",3621,792,28.08,0.17,0.37,-41.95,52.5,9.0
10,"launch, freehold",3741,786,30.12,0.17,0.35,-42.86,42.5,16.42
11,"launch, freehold",3451,781,29.35,0.16,0.35,-42.64,41.33,17.05
12,"launch, freehold",3276,755,28.0,0.16,0.35,-43.15,44.6,13.08
13,"launch, freehold",2723,724,30.02,0.16,0.34,-46.64,44.53,16.2
14,"launch, freehold",2589,674,26.16,0.2,0.4,-46.34,39.34,12.97
15,"launch, freehold",2291,618,23.48,0.22,0.44,-43.76,43.68,6.08
16,"launch, freehold",1900,560,22.57,0.23,0.45,-42.28,46.88,1.47
17,"launch, freehold",1435,460,24.96,0.22,0.41,-46.09,48.64,4.32
18,"launch, freehold",1176,362,23.83,0.23,0.43,-43.99,46.67,6.25
19,"launch, freehold",933,295,23.33,0.23,0.44,-40.36,52.8,-0.66
20,"launch, freehold",602,194,32.61,0.13,0.28,-49.54,57.25,1.43
1,"launch, leasehold condo",80,7,69.63,0.02,0.08,-22.46,302.66,-69.63
2,"launch, leasehold condo",338,15,31.23,0.08,0.29,-32.19,381.03,12.78
3,"launch, leasehold condo",573,49,18.56,0.29,0.53,-37.46,43.84,9.97
4,"launch, leasehold condo",1699,132,20.03,0.23,0.5,-29.84,65.38,-5.96
5,"launch, leasehold condo",4811,245,20.18,0.25,0.5,-28.65,61.32,0.36
6,"launch, leasehold condo",7368,272,18.77,0.28,0.53,-28.29,54.31,4.81
7,"launch, leasehold condo",8074,280,19.93,0.26,0.5,-33.01,42.79,8.52
8,"launch, leasehold condo",6455,264,21.06,0.23,0.48,-31.87,43.56,10.64
9,"launch, leasehold condo",6602,246,24.9,0.19,0.41,-36.55,35.52,17.05
10,"launch, leasehold condo",6122,241,25.08,0.19,0.4,-37.56,26.04,19.69
11,"launch, leasehold condo",5265,230,24.07,0.21,0.41,-36.79,30.66,17.83
12,"launch, leasehold condo",4460,219,25.15,0.2,0.4,-38.17,30.43,18.53
13,"launch, leasehold condo",3551,205,24.91,0.2,0.42,-38.07,38.78,15.72
14,"launch, leasehold condo",3038,180,26.23,0.2,0.38,-40.05,40.82,15.46
15,"launch, leasehold condo",2276,149,23.01,0.23,0.44,-38.78,44.08,6.84
16,"launch, leasehold condo",1685,130,26.65,0.17,0.36,-41.15,50.3,5.86
17,"launch, leasehold condo",1331,106,28.85,0.13,0.31,-45.28,47.31,8.76
18,"launch, leasehold condo",1213,90,30.78,0.11,0.3,-47.95,44.12,18.16
19,"launch, leasehold condo",914,79,31.39,0.14,0.26,-48.48,42.36,22.6
20,"launch, leasehold condo",785,69,46.84,0.09,0.19,-53.58,49.18,44.06
1,"launch, condo/apartment, TimesFM average",664,70,27.64,0.23,0.39,-19.69,141.12,-18.5
2,"launch, condo/apartment, TimesFM average",1153,174,20.15,0.26,0.5,-26.05,78.96,-3.46
3,"launch, condo/apartment, TimesFM average",2339,371,20.61,0.23,0.48,-29.55,78.73,-3.74
4,"launch, condo/apartment, TimesFM average",5041,705,21.54,0.23,0.46,-24.7,74.04,-9.99
5,"launch, condo/apartment, TimesFM average",9397,980,20.6,0.24,0.49,-26.5,70.61,-9.8
6,"launch, condo/apartment, TimesFM average",11874,1077,18.71,0.29,0.53,-24.91,62.0,-4.32
7,"launch, condo/apartment, TimesFM average",11874,1098,18.08,0.3,0.54,-26.14,53.12,-1.25
8,"launch, condo/apartment, TimesFM average",10020,1059,17.29,0.31,0.57,-24.79,52.78,-0.5
9,"launch, condo/apartment, TimesFM average",10223,1038,17.68,0.3,0.55,-28.7,44.21,2.34
10,"launch, condo/apartment, TimesFM average",9863,1027,16.87,0.31,0.57,-28.22,40.31,2.23
11,"launch, condo/apartment, TimesFM average",8716,1011,16.69,0.32,0.57,-26.4,43.89,0.04
12,"launch, condo/apartment, TimesFM average",7736,974,16.92,0.3,0.57,-26.81,41.55,-2.13
13,"launch, condo/apartment, TimesFM average",6274,929,17.17,0.3,0.57,-27.9,43.92,-3.47
14,"launch, condo/apartment, TimesFM average",5627,854,18.2,0.28,0.55,-28.14,46.11,-3.68
15,"launch, condo/apartment, TimesFM average",4567,767,18.95,0.27,0.53,-27.24,49.45,-6.48
16,"launch, condo/apartment, TimesFM average",3585,690,21.21,0.23,0.47,-28.86,54.99,-8.46
17,"launch, condo/apartment, TimesFM average",2766,566,23.47,0.19,0.42,-31.85,55.59,-6.33
18,"launch, condo/apartment, TimesFM average",2389,452,22.58,0.19,0.44,-31.79,56.01,-3.15
19,"launch, condo/apartment, TimesFM average",1847,374,23.54,0.2,0.41,-32.19,55.29,-3.88
20,"launch, condo/apartment, TimesFM average",1387,263,28.37,0.16,0.34,-37.76,55.5,9.22
