,launches,sales,typical_err,within_10,range80,bias
all launches 2000-2026,1551,137013,11.45,0.45,-18% to +29%,-2.2
tenure=freehold,1135,38951,15.0,0.35,-23% to +46%,-1.67
tenure=leasehold,416,98062,10.31,0.49,-17% to +26%,-2.36
region=CCR,436,21051,19.57,0.28,-20% to +81%,-9.6
region=OCR,370,66670,9.79,0.51,-16% to +22%,-1.98
region=RCR,745,49292,11.82,0.44,-21% to +29%,-0.62
is_ec=0,1496,121978,12.29,0.43,-19% to +31%,-1.26
is_ec=1,55,15035,7.24,0.64,-6% to +20%,-5.68
how=same district,11,1695,8.95,0.54,-10% to +22%,-3.58
how=within 3 km,1540,135318,11.49,0.45,-18% to +30%,-2.17
launched 2000-07,612,28326,15.4,0.36,-21% to +64%,-2.53
launched 2008-13,594,52893,11.65,0.44,-20% to +25%,-1.38
launched 2014-19,191,24123,10.79,0.48,-20% to +25%,0.18
launched 2020-26,154,31671,9.2,0.53,-12% to +25%,-4.66
