scenario,real_income_growth_pa,inflation_pa,nominal_income_growth_pa,years,quarter,wide_lo,real_wide_lo,likely_lo,real_likely_lo,central,real_central,likely_hi,real_likely_hi,wide_hi,real_wide_hi,change_pct,real_change_pct
bear,0.016,0.016,0.032,1,2027Q2,190.56,187.578,203.595,200.409,226.41,222.867,263.665,259.538,274.431,270.136,3.195,1.58
bear,0.016,0.016,0.032,2,2028Q2,192.534,186.554,200.09,193.876,233.644,226.388,287.212,278.292,306.737,297.21,6.492,3.185
bear,0.016,0.016,0.032,3,2029Q2,184.877,176.331,194.096,185.124,241.109,229.965,301.718,287.772,373.089,355.844,9.895,4.815
bear,0.016,0.016,0.032,4,2030Q2,176.086,165.319,187.114,175.672,248.813,233.598,333.301,312.92,423.013,397.146,13.406,6.471
bear,0.016,0.016,0.032,5,2031Q2,172.498,159.415,189.392,175.028,256.763,237.289,360.746,333.386,449.668,415.564,17.03,8.154
bear,0.016,0.016,0.032,6,2032Q2,172.459,156.885,180.501,164.2,264.967,241.038,390.741,355.454,476.58,433.541,20.769,9.862
bear,0.016,0.016,0.032,7,2033Q2,165.705,148.381,183.118,163.974,273.433,244.847,430.589,385.572,484.777,434.096,24.628,11.598
bear,0.016,0.016,0.032,8,2034Q2,163.392,144.02,180.035,158.69,282.169,248.715,444.715,391.989,501.06,441.654,28.61,13.362
bear,0.016,0.016,0.032,9,2035Q2,157.748,136.869,180.177,156.329,291.185,252.645,437.26,379.385,509.405,441.982,32.719,15.153
bear,0.016,0.016,0.032,10,2036Q2,157.307,134.35,186.384,159.184,300.489,256.637,407.229,347.8,486.773,415.735,36.959,16.972
base,0.029,0.016,0.046,1,2027Q2,193.093,190.071,206.301,203.072,229.419,225.828,267.169,262.987,278.078,273.726,4.567,2.93
base,0.029,0.016,0.046,2,2028Q2,197.685,191.546,205.444,199.064,239.896,232.445,294.897,285.738,314.944,305.163,9.342,5.946
base,0.029,0.016,0.046,3,2029Q2,192.346,183.455,201.938,192.603,250.851,239.256,313.908,299.399,388.163,370.221,14.335,9.05
base,0.029,0.016,0.046,4,2030Q2,185.635,174.284,197.261,185.199,262.306,246.266,351.376,329.889,445.953,418.683,19.556,12.245
base,0.029,0.016,0.046,5,2031Q2,184.269,170.293,202.317,186.972,274.285,253.482,385.364,356.136,480.354,443.922,25.016,15.534
base,0.029,0.016,0.046,6,2032Q2,186.676,169.818,195.38,177.736,286.81,260.909,422.952,384.756,515.867,469.28,30.725,18.919
base,0.029,0.016,0.046,7,2033Q2,181.749,162.748,200.848,179.85,299.907,268.553,472.28,422.905,531.714,476.126,36.694,22.403
base,0.029,0.016,0.046,8,2034Q2,181.594,160.064,200.091,176.368,313.603,276.422,494.256,435.656,556.878,490.854,42.937,25.99
base,0.029,0.016,0.046,9,2035Q2,177.651,154.138,202.909,176.053,327.924,284.521,492.429,427.252,573.676,497.747,49.464,29.681
base,0.029,0.016,0.046,10,2036Q2,179.509,153.312,212.689,181.65,342.899,292.858,464.704,396.887,555.475,474.411,56.289,33.481
bull,0.045,0.016,0.062,1,2027Q2,196.019,192.951,209.428,206.15,232.896,229.251,271.218,266.973,282.293,277.875,6.151,4.49
bull,0.045,0.016,0.062,2,2028Q2,203.723,197.396,211.719,205.143,247.223,239.544,303.904,294.465,324.563,314.483,12.681,9.182
bull,0.045,0.016,0.062,3,2029Q2,201.225,191.924,211.259,201.494,262.43,250.3,328.398,313.219,406.08,387.31,19.613,14.084
bull,0.045,0.016,0.062,4,2030Q2,197.148,185.092,209.495,196.684,278.573,261.538,373.167,350.348,473.609,444.648,26.97,19.206
bull,0.045,0.016,0.062,5,2031Q2,198.662,183.595,218.12,201.577,295.709,273.282,415.465,383.954,517.875,478.597,34.781,24.559
bull,0.045,0.016,0.062,6,2032Q2,204.308,185.857,213.834,194.523,313.9,285.552,462.901,421.097,564.592,513.605,43.072,30.151
bull,0.045,0.016,0.062,7,2033Q2,201.93,180.819,223.15,199.82,333.209,298.373,524.721,469.863,590.755,528.994,51.873,35.995
bull,0.045,0.016,0.062,8,2034Q2,204.816,180.533,225.678,198.921,353.706,311.77,557.46,491.367,628.09,553.623,61.215,42.101
bull,0.045,0.016,0.062,9,2035Q2,203.405,176.483,232.326,201.576,375.464,325.769,563.817,489.192,656.843,569.906,71.132,48.482
bull,0.045,0.016,0.062,10,2036Q2,208.648,178.198,247.214,211.137,398.56,340.396,540.138,461.312,645.642,551.42,81.659,55.148
