segment,group,sales,lightgbm_err,lightgbm_within_10,lightgbm_range80_lo,lightgbm_range80_hi,lightgbm_range50_lo,lightgbm_range50_hi,transparent_err,transparent_within_10,transparent_range80_lo,transparent_range80_hi,transparent_range50_lo,transparent_range50_hi
sale_type,new,3058,29.33,0.23,-1.86,77.69,6.32,52.99,2.23,0.88,-8.53,5.4,-1.67,2.64
sale_type,resale,4675,3.97,0.88,-5.63,9.65,-1.85,5.73,5.81,0.74,-10.69,12.56,-4.85,6.66
sale_type,subsale,246,4.47,0.91,-5.92,8.83,-1.72,6.63,5.63,0.82,-10.15,9.42,-5.37,5.89
tenure_type,freehold,1539,4.53,0.82,-9.27,10.2,-3.58,5.51,5.82,0.71,-12.59,12.09,-6.4,5.14
tenure_type,leasehold,6440,6.89,0.59,-3.62,56.69,0.13,39.76,4.67,0.79,-9.36,11.35,-3.46,5.7
history,1-9,20,9.01,0.55,-7.24,22.28,-4.05,13.37,13.43,0.4,-17.4,23.72,-13.01,13.47
history,10-49,174,5.2,0.74,-8.34,15.29,-2.78,8.32,5.97,0.64,-12.94,16.27,-5.59,6.36
history,50+,5989,4.18,0.82,-6.06,13.81,-1.78,6.49,4.87,0.77,-10.11,11.34,-4.09,5.59
history,no sales before (brand-new),1796,32.32,0.01,28.09,88.65,36.64,59.24,,,,,,
resale_history,0 resales,3258,28.36,0.27,-2.29,76.66,4.48,51.9,2.54,0.87,-8.8,6.32,-1.82,3.0
resale_history,1-9,211,4.58,0.81,-9.61,10.19,-3.96,5.17,6.51,0.65,-15.55,10.21,-9.59,4.54
resale_history,10-49,647,4.04,0.86,-7.64,8.99,-2.82,5.48,6.33,0.69,-13.19,11.82,-6.94,5.78
resale_history,50+,3863,3.88,0.89,-5.21,9.62,-1.56,5.71,5.69,0.75,-9.81,12.65,-4.4,6.81
region,CCR,1261,6.43,0.64,-8.89,46.56,-3.5,11.99,6.08,0.69,-11.9,12.33,-6.71,5.85
region,OCR,4557,8.59,0.52,-2.49,60.92,1.21,45.3,4.11,0.83,-8.48,10.17,-2.94,5.05
region,RCR,2161,4.09,0.85,-6.01,10.41,-2.05,6.03,5.77,0.72,-11.31,12.79,-5.15,6.39
type,EC,744,5.7,0.61,-1.36,48.37,1.27,39.62,2.87,0.95,-2.67,7.81,-0.44,4.41
type,condo/apartment,7235,6.22,0.63,-5.16,54.1,-0.81,29.57,5.4,0.74,-10.83,12.04,-4.93,5.84
