tenure,age_bin,lease_bin,mean,median,count,std,projects,se
freehold,0-5,freehold,-0.72,-0.74,1964,1.87,771,0.07
freehold,5-10,freehold,0.05,0.05,1541,1.77,605,0.07
freehold,10-15,freehold,0.51,0.5,888,1.81,371,0.09
freehold,15-20,freehold,1.3,1.24,555,2.03,218,0.14
freehold,20-30,freehold,1.23,0.96,473,2.42,153,0.2
freehold,30+,freehold,0.87,0.99,123,2.48,40,0.39
leasehold,0-5,60-70,-2.0,-2.0,1,,1,
leasehold,0-5,80-90,-1.1,-0.75,117,2.36,75,0.27
leasehold,0-5,90+,-0.9,-0.85,1262,1.7,335,0.09
leasehold,0-5,<60,-1.95,-1.62,4,0.87,1,0.87
leasehold,5-10,60-70,5.5,5.5,2,4.59,1,4.59
leasehold,5-10,70-80,-0.3,-0.63,4,2.78,3,1.61
leasehold,5-10,80-90,-0.03,0.02,864,1.79,269,0.11
leasehold,5-10,90+,-0.41,-0.32,122,1.52,99,0.15
leasehold,10-15,60-70,0.36,0.36,2,2.16,1,2.16
leasehold,10-15,70-80,-0.04,0.04,39,1.39,25,0.28
leasehold,10-15,80-90,-0.28,-0.28,635,1.64,181,0.12
leasehold,10-15,<60,2.34,2.34,1,,1,
leasehold,15-20,60-70,5.42,6.86,3,3.12,1,3.12
leasehold,15-20,70-80,0.47,0.24,384,2.02,126,0.18
leasehold,15-20,80-90,-0.06,-0.18,82,2.14,62,0.27
leasehold,20-30,60-70,0.72,0.0,92,2.99,35,0.51
leasehold,20-30,70-80,1.19,0.93,323,2.57,92,0.27
leasehold,20-30,80-90,-0.24,1.38,9,4.81,3,2.77
leasehold,20-30,90+,-1.93,-1.93,1,,1,
leasehold,20-30,<60,-1.18,-1.18,1,,1,
leasehold,30+,60-70,0.28,0.29,115,2.86,25,0.57
leasehold,30+,70-80,1.69,1.3,15,2.95,2,2.08
leasehold,30+,80-90,4.49,4.49,2,1.39,1,1.39
leasehold,30+,<60,0.16,-0.01,71,2.0,18,0.47
