term,level,effect_pct
floor,1-2,-4.7
floor,11-15,2.1
floor,16-20,4.2
floor,21-25,7.0
floor,26-30,9.9
floor,3-5,-2.6
floor,31-40,13.3
floor,41+,20.3
floor,unknown,-29.0
floor,6-10,0.0
area,1.25k-1.5k,-9.4
area,1.5k-2k,-14.9
area,1k-1.25k,-5.4
area,2k-3k,-21.7
area,3k+,-27.5
area,500-650,12.6
area,650-800,5.5
area,<500,24.5
area,800-1k,0.0
ec_age,0-3,-13.0
ec_age,10-15,1.9
ec_age,15-20,-6.4
ec_age,20-25,-6.2
ec_age,25-30,-0.8
ec_age,6-10,1.5
ec_age,pre-TOP,-17.9
ec_age,unknown,-17.6
ec_age,not EC,0.0
ec_age,3-6,0.0
sale_type,new,5.6
sale_type,subsale,5.2
sale_type,resale,0.0
