years,sales,origins,first_origin,last_origin,flat_median_err,market_median_err,full_median_err,flat_gbm_median_err,market_gbm_median_err,within_10,within_20,bias,range80_lo,range80_hi,median_err_by_origin,method
1,365343,29,1997,2025,8.31,7.89,7.9,8.68,8.04,0.58,0.85,-3.34,-11.29,25.67,8.26,market_gbm
2,239345,28,1997,2024,12.4,11.5,11.64,13.0,11.18,0.46,0.75,-2.12,-16.25,32.98,11.69,market_gbm
3,231756,27,1997,2023,16.23,13.08,13.48,17.01,13.59,0.38,0.67,-2.72,-19.58,38.11,12.91,market_gbm
4,224602,26,1997,2022,19.57,16.03,16.7,19.86,17.07,0.31,0.57,-3.11,-23.5,46.15,17.14,market_gbm
5,214052,25,1997,2021,21.67,18.15,19.37,21.81,19.32,0.27,0.52,-2.17,-26.84,50.83,18.08,market_gbm
6,201046,24,1997,2020,23.46,21.33,23.43,22.97,22.21,0.24,0.45,1.16,-31.66,55.94,22.08,market_gbm
7,185149,23,1997,2019,24.33,22.92,24.87,24.05,22.97,0.24,0.44,4.31,-33.98,55.79,18.95,market_gbm
8,168299,22,1997,2018,25.88,24.59,27.34,26.24,24.42,0.23,0.42,4.28,-36.27,53.25,25.17,market_gbm
9,148750,21,1997,2017,26.96,27.45,29.99,26.92,27.19,0.18,0.37,10.8,-39.78,50.09,24.55,market_gbm
10,127493,20,1997,2016,27.28,28.97,32.9,29.15,27.96,0.17,0.35,16.96,-39.64,44.45,27.15,market_gbm
11,109978,19,1997,2015,31.4,26.9,31.36,34.17,25.95,0.18,0.37,13.39,-38.24,44.27,25.12,market_gbm
12,96144,18,1997,2014,35.42,26.96,31.44,37.74,26.41,0.18,0.37,11.42,-46.62,43.7,22.43,market_gbm
13,79117,17,1997,2013,39.3,27.82,32.46,42.21,25.82,0.19,0.38,8.49,-47.1,43.66,21.32,market_gbm
14,65185,16,1997,2012,43.52,24.0,28.57,46.61,23.06,0.22,0.44,0.25,-44.54,43.89,24.47,market_gbm
15,54585,15,1997,2011,46.3,22.25,26.8,49.34,22.8,0.22,0.44,-3.47,-43.44,45.88,26.93,market_gbm
16,45963,14,1997,2010,48.52,22.66,27.31,51.33,24.19,0.2,0.41,-6.23,-41.25,50.55,25.05,market_gbm
17,40715,13,1997,2009,49.44,27.21,31.04,51.74,29.39,0.16,0.32,-2.8,-46.72,53.64,26.71,market_gbm
18,35820,12,1997,2008,50.47,29.54,34.67,52.78,31.43,0.15,0.31,4.23,-50.61,54.73,29.7,market_gbm
19,30821,11,1997,2007,52.36,28.7,34.29,53.59,31.67,0.16,0.32,5.06,-55.83,55.16,34.06,market_gbm
20,25789,10,1997,2006,52.38,35.34,38.54,53.28,38.3,0.13,0.26,17.51,-68.36,54.74,33.16,market_gbm
