years,origins,sales,current,step2,step2_better_in
1,26,349486,7.68,8.57,7/26
2,25,228865,11.15,12.09,8/25
3,24,223430,12.69,13.82,5/24
4,23,216483,15.54,16.67,3/23
5,22,205944,17.51,18.74,2/22
6,21,190242,20.23,21.51,1/21
7,20,167796,21.05,22.07,5/20
8,19,148034,22.38,23.38,5/19
9,18,130128,25.57,26.36,7/18
10,17,107974,26.29,26.73,7/17
11,16,89108,25.2,25.49,7/16
12,15,74677,24.33,24.61,7/15
13,14,62314,24.93,25.17,4/14
14,13,53950,22.22,22.81,3/13
15,12,46467,19.8,20.86,3/12
16,11,39744,20.42,21.76,4/11
17,10,33271,23.46,24.79,3/10
18,9,26094,23.16,24.21,3/9
19,8,21616,22.1,23.0,3/8
20,7,17962,25.68,26.89,2/7
