years,sales,origins,first_origin,last_origin,flat_median_err,market_median_err,full_median_err,flat_gbm_median_err,market_gbm_median_err,market_avg_median_err,within_10,within_20,bias,range80_lo,range80_hi,median_err_by_origin,method
1,162433,10,2016,2025,6.59,5.77,5.8,6.39,5.17,5.23,0.78,0.97,-2.92,-6.24,14.03,4.96,market_avg
2,92266,9,2016,2024,9.9,7.46,7.51,9.95,7.08,7.52,0.63,0.93,-4.29,-8.27,20.14,6.95,market_avg
3,84286,8,2016,2023,12.88,8.21,8.38,13.19,7.75,8.26,0.58,0.89,-4.83,-8.53,23.79,7.86,market_avg
4,77241,7,2016,2022,16.57,9.05,9.27,16.45,8.6,9.05,0.54,0.86,-5.55,-8.99,26.9,8.92,market_avg
5,61466,6,2016,2021,20.6,10.05,10.31,20.0,9.95,10.34,0.49,0.81,-6.97,-9.29,30.27,10.45,market_avg
6,44636,5,2016,2020,23.76,11.07,11.13,23.34,11.28,11.54,0.44,0.77,-7.71,-10.7,32.64,11.47,market_avg
7,32084,4,2016,2019,26.13,12.22,12.36,26.01,12.56,12.52,0.4,0.74,-7.97,-12.41,33.94,12.32,market_avg
8,20533,3,2016,2018,28.38,12.74,12.82,28.41,12.7,13.1,0.38,0.73,-8.78,-12.8,34.49,13.06,market_avg
9,9986,2,2016,2017,29.97,12.85,13.36,29.59,12.51,13.2,0.38,0.72,-8.21,-14.63,34.66,13.18,market_avg
10,1387,1,2016,2016,30.52,12.7,14.22,30.01,13.03,13.29,0.37,0.71,-7.23,-15.98,34.83,13.29,market_avg
