segment,group,years,sales,start_years,typical_err,within_10,range80_lo,range80_hi,bias
stage,completed,1,354648.0,29.0,7.97,0.59,-11.14,25.39,-3.35
stage,new launch / under construction,1,9735.0,29.0,10.28,0.49,-15.48,35.05,-2.13
stage,unknown TOP,1,960.0,29.0,21.84,0.26,-19.0,78.05,-11.63
stage,completed,3,200176.0,27.0,13.68,0.38,-19.29,38.16,-3.31
stage,new launch / under construction,3,31103.0,27.0,12.84,0.41,-21.51,37.08,0.79
stage,completed,5,168653.0,25.0,19.45,0.26,-26.27,52.15,-3.71
stage,new launch / under construction,5,44978.0,25.0,18.71,0.29,-28.58,44.38,3.15
stage,completed,10,86844.0,20.0,27.07,0.17,-37.65,48.72,13.61
stage,new launch / under construction,10,40481.0,20.0,30.28,0.16,-42.81,32.43,24.19
tenure,freehold,1,157779.0,29.0,9.01,0.54,-13.31,30.52,-3.24
tenure,leasehold,1,207564.0,29.0,7.44,0.62,-9.82,22.86,-3.4
tenure,freehold,3,96602.0,27.0,14.19,0.37,-22.03,38.9,-0.74
tenure,leasehold,3,135154.0,27.0,13.18,0.39,-17.68,37.59,-4.05
tenure,freehold,5,86349.0,25.0,20.21,0.26,-29.67,49.48,1.67
tenure,leasehold,5,127703.0,25.0,18.74,0.28,-25.04,51.85,-4.47
tenure,freehold,10,54695.0,20.0,28.12,0.17,-41.63,39.56,18.32
tenure,leasehold,10,72798.0,20.0,27.83,0.17,-37.97,48.68,15.94
resale_history,0 resales,1,21457.0,29.0,9.79,0.51,-14.89,32.31,-2.17
resale_history,1-9,1,36557.0,29.0,10.25,0.49,-14.19,32.93,-3.61
resale_history,10-49,1,84277.0,29.0,8.41,0.56,-12.9,28.55,-2.64
resale_history,50+,1,223052.0,29.0,7.5,0.62,-9.73,23.27,-3.62
resale_history,0 resales,3,43221.0,27.0,13.2,0.4,-21.52,35.29,0.71
resale_history,1-9,3,27728.0,27.0,16.11,0.3,-21.34,36.88,-5.37
resale_history,10-49,3,48747.0,27.0,13.3,0.4,-21.2,37.71,-1.0
resale_history,50+,3,112060.0,27.0,13.15,0.39,-17.86,39.48,-4.34
resale_history,0 resales,5,59623.0,25.0,18.64,0.29,-28.68,41.51,1.96
resale_history,1-9,5,25369.0,25.0,21.39,0.24,-29.61,48.39,-4.09
resale_history,10-49,5,43978.0,25.0,19.21,0.29,-27.74,53.54,-2.96
resale_history,50+,5,85082.0,25.0,19.22,0.26,-24.79,55.95,-4.35
resale_history,0 resales,10,46749.0,20.0,30.26,0.15,-43.42,31.0,24.84
resale_history,1-9,10,14818.0,20.0,31.24,0.15,-43.64,49.56,17.04
resale_history,10-49,10,22385.0,20.0,27.78,0.16,-37.79,55.13,8.9
resale_history,50+,10,43541.0,20.0,25.25,0.19,-33.1,47.65,12.55
region,CCR,1,74166.0,29.0,9.01,0.54,-14.27,34.02,-2.13
region,OCR,1,168494.0,29.0,7.71,0.61,-9.86,22.29,-3.78
region,RCR,1,122683.0,29.0,8.03,0.58,-11.39,28.39,-3.33
region,CCR,3,45749.0,27.0,15.15,0.35,-23.44,43.07,1.48
region,OCR,3,108953.0,27.0,13.65,0.37,-17.95,34.94,-5.33
region,RCR,3,77054.0,27.0,12.56,0.42,-19.08,41.56,-1.57
region,CCR,5,40975.0,25.0,22.68,0.24,-32.11,56.83,5.05
region,OCR,5,103183.0,25.0,18.79,0.27,-25.06,46.63,-5.6
region,RCR,5,69894.0,25.0,18.43,0.29,-26.14,55.06,-0.57
region,CCR,10,24969.0,20.0,32.41,0.14,-42.82,39.42,25.17
region,OCR,10,61546.0,20.0,26.26,0.18,-37.61,43.22,14.27
region,RCR,10,40978.0,20.0,28.35,0.16,-39.5,48.29,16.1
type,EC,1,29414.0,27.0,8.61,0.57,-5.25,22.63,-7.1
type,condo/apartment,1,335929.0,29.0,7.99,0.59,-11.75,26.19,-2.99
type,EC,3,19783.0,27.0,16.58,0.23,-10.27,36.53,-15.0
type,condo/apartment,3,211973.0,27.0,13.14,0.4,-20.21,38.36,-1.47
type,EC,5,19652.0,25.0,20.63,0.2,-17.91,47.07,-17.25
type,condo/apartment,5,194400.0,25.0,19.08,0.28,-27.48,51.38,-0.36
type,EC,10,9666.0,20.0,20.9,0.25,-27.24,59.06,-2.65
type,condo/apartment,10,117827.0,20.0,28.59,0.16,-40.33,43.52,18.56
