origin,h,n,countries,intercept,gap,mom3,mom1
1997,1,915,19,-0.0094,-0.1716,0.0868,0.3691
1997,2,842,18,-0.023,-0.3988,0.101,0.6373
1997,3,776,16,-0.0363,-0.6134,0.0488,0.8265
1997,4,712,16,-0.0462,-0.8028,-0.0163,0.8461
1997,5,648,16,-0.0527,-0.8581,-0.1524,0.8164
1997,6,584,16,-0.0522,-0.8526,-0.2378,0.6583
1997,7,520,16,-0.0496,-0.8366,-0.1849,0.2742
1997,8,459,15,-0.0438,-0.7611,-0.1791,0.2179
1997,9,405,13,-0.0341,-0.6766,-0.1493,0.251
1997,10,353,13,-0.0311,-0.6326,-0.1467,0.4448
1997,11,307,11,-0.0416,-0.7462,-0.1097,0.6088
1997,12,266,10,-0.0584,-0.8481,-0.156,0.7511
1997,13,226,10,-0.0777,-0.6978,-0.4713,0.906
1998,1,991,19,-0.0077,-0.1393,0.0735,0.3794
1998,2,915,19,-0.0198,-0.3418,0.0917,0.6522
1998,3,842,18,-0.0323,-0.575,0.0637,0.7983
1998,4,776,16,-0.0456,-0.7523,-0.0039,0.8116
1998,5,712,16,-0.0506,-0.8174,-0.1613,0.8403
1998,6,648,16,-0.0502,-0.8012,-0.2694,0.7156
1998,7,584,16,-0.0485,-0.7707,-0.2674,0.4231
1998,8,520,16,-0.0451,-0.7178,-0.2205,0.2307
1998,9,459,15,-0.0428,-0.679,-0.1715,0.2069
1998,10,405,13,-0.0437,-0.6384,-0.1719,0.3411
1998,11,353,13,-0.0475,-0.6827,-0.1454,0.5417
1998,12,307,11,-0.0608,-0.8345,-0.0697,0.5853
1998,13,266,10,-0.0768,-0.8374,-0.2497,0.8256
1998,14,226,10,-0.0948,-0.6279,-0.6166,0.9815
1999,1,1067,19,-0.0055,-0.1181,0.0671,0.39
1999,2,991,19,-0.0154,-0.2773,0.0644,0.6828
1999,3,915,19,-0.0265,-0.4886,0.0508,0.8248
1999,4,842,18,-0.0392,-0.7037,0.0173,0.7811
1999,5,776,16,-0.0477,-0.7683,-0.1478,0.8313
1999,6,712,16,-0.0467,-0.7744,-0.2667,0.7506
1999,7,648,16,-0.0456,-0.7459,-0.2808,0.4809
1999,8,584,16,-0.0421,-0.6754,-0.2925,0.3706
1999,9,520,16,-0.0423,-0.6597,-0.197,0.2115
1999,10,459,15,-0.0492,-0.6631,-0.1598,0.2598
1999,11,405,13,-0.0553,-0.7043,-0.1392,0.4416
1999,12,353,13,-0.0623,-0.8023,-0.0769,0.5358
1999,13,307,11,-0.0779,-0.8989,-0.1106,0.6526
1999,14,266,10,-0.092,-0.8618,-0.3363,0.9043
1999,15,226,10,-0.1126,-0.6963,-0.6137,0.8632
2000,1,1143,19,-0.0036,-0.0954,0.0614,0.395
2000,2,1067,19,-0.0104,-0.2283,0.0481,0.7157
2000,3,991,19,-0.0194,-0.3928,0.0134,0.873
2000,4,915,19,-0.0309,-0.5935,0.0088,0.8136
2000,5,842,18,-0.0396,-0.7232,-0.1114,0.8019
2000,6,776,16,-0.0426,-0.7382,-0.2458,0.7661
2000,7,712,16,-0.0412,-0.7375,-0.2698,0.5325
2000,8,648,16,-0.0384,-0.6795,-0.2918,0.4247
2000,9,584,16,-0.0376,-0.6363,-0.2643,0.3435
2000,10,520,16,-0.0458,-0.659,-0.1667,0.2323
2000,11,459,15,-0.0574,-0.721,-0.1252,0.3397
2000,12,405,13,-0.0659,-0.8197,-0.0567,0.4389
2000,13,353,13,-0.0774,-0.8998,-0.0898,0.5957
2000,14,307,11,-0.0932,-0.9595,-0.178,0.7286
2000,15,266,10,-0.1095,-0.9507,-0.3339,0.804
2000,16,226,10,-0.1216,-0.6919,-0.6235,0.7318
2001,1,1219,19,-0.0036,-0.0862,0.0573,0.3899
2001,2,1143,19,-0.0078,-0.1869,0.0311,0.7323
2001,3,1067,19,-0.0135,-0.3205,-0.0169,0.9207
2001,4,991,19,-0.0228,-0.4739,-0.0399,0.8696
2001,5,915,19,-0.0307,-0.5981,-0.1219,0.837
2001,6,842,18,-0.0343,-0.6871,-0.2112,0.7432
2001,7,776,16,-0.0363,-0.7,-0.2545,0.5643
2001,8,712,16,-0.0338,-0.6756,-0.2753,0.4726
2001,9,648,16,-0.0332,-0.6385,-0.2666,0.3977
2001,10,584,16,-0.0391,-0.6193,-0.2522,0.3789
2001,11,520,16,-0.0511,-0.6925,-0.1415,0.292
2001,12,459,15,-0.0649,-0.8099,-0.0491,0.3197
2001,13,405,13,-0.0762,-0.9108,-0.0268,0.4609
2001,14,353,13,-0.0897,-0.9719,-0.1284,0.682
2001,15,307,11,-0.1085,-1.0594,-0.1721,0.6714
2001,16,266,10,-0.1175,-0.9771,-0.3388,0.7031
2001,17,226,10,-0.1206,-0.6489,-0.6698,0.7455
2002,1,1295,19,-0.0008,-0.0742,0.0561,0.3819
2002,2,1219,19,-0.0048,-0.1646,0.0238,0.7331
2002,3,1143,19,-0.0076,-0.2635,-0.0369,0.943
2002,4,1067,19,-0.0132,-0.3821,-0.0835,0.9438
2002,5,991,19,-0.0192,-0.4612,-0.1926,0.9262
2002,6,915,19,-0.0223,-0.5501,-0.234,0.7879
2002,7,842,18,-0.0256,-0.6271,-0.2355,0.539
2002,8,776,16,-0.0259,-0.6044,-0.2904,0.5243
2002,9,712,16,-0.0248,-0.5943,-0.2853,0.4657
2002,10,648,16,-0.0295,-0.5637,-0.2983,0.4362
2002,11,584,16,-0.0384,-0.5946,-0.2536,0.437
2002,12,520,16,-0.0538,-0.7578,-0.0236,0.1784
2002,13,459,15,-0.0686,-0.8818,0.0317,0.3252
2002,14,405,13,-0.0805,-0.9773,-0.0231,0.5953
2002,15,353,13,-0.0965,-1.0824,-0.105,0.7426
2002,16,307,11,-0.1108,-1.1512,-0.131,0.6165
2002,17,266,10,-0.1124,-1.0575,-0.2996,0.7268
2002,18,226,10,-0.112,-0.6689,-0.6967,0.7778
2003,1,1371,19,0.0017,-0.0538,0.041,0.412
2003,2,1295,19,0.0016,-0.1342,0.0263,0.7086
2003,3,1219,19,-0.0009,-0.223,-0.0425,0.9483
2003,4,1143,19,-0.0032,-0.3074,-0.1059,0.9877
2003,5,1067,19,-0.0057,-0.3582,-0.2427,1.0287
2003,6,991,19,-0.0073,-0.4018,-0.3239,0.9139
2003,7,915,19,-0.0103,-0.4824,-0.2658,0.5889
2003,8,842,18,-0.0121,-0.5215,-0.2782,0.4874
2003,9,776,16,-0.0132,-0.4945,-0.3339,0.5467
2003,10,712,16,-0.0166,-0.4862,-0.35,0.5177
2003,11,648,16,-0.0232,-0.4904,-0.3336,0.4818
2003,12,584,16,-0.0345,-0.6012,-0.1651,0.3251
2003,13,520,16,-0.0522,-0.8143,0.103,0.1013
2003,14,459,15,-0.0667,-0.9495,0.1007,0.4269
2003,15,405,13,-0.0797,-1.0935,0.0411,0.7085
2003,16,353,13,-0.0913,-1.1978,-0.0449,0.794
2003,17,307,11,-0.1021,-1.2952,-0.0502,0.6663
2003,18,266,10,-0.1008,-1.187,-0.2558,0.7698
2003,19,226,10,-0.0988,-0.7822,-0.7206,0.9001
2004,1,1447,19,0.0036,-0.0307,0.0204,0.4351
2004,2,1371,19,0.0069,-0.0865,-0.0025,0.7459
2004,3,1295,19,0.0091,-0.1658,-0.0397,0.905
2004,4,1219,19,0.0073,-0.2407,-0.1151,1.0075
2004,5,1143,19,0.008,-0.2673,-0.261,1.0846
2004,6,1067,19,0.0095,-0.2881,-0.3721,1.0365
2004,7,991,19,0.008,-0.3252,-0.3639,0.7462
2004,8,915,19,0.006,-0.3847,-0.2956,0.5391
2004,9,842,18,0.0029,-0.4242,-0.3092,0.4912
2004,10,776,16,-0.0021,-0.3795,-0.425,0.6494
2004,11,712,16,-0.0068,-0.4021,-0.4123,0.5763
2004,12,648,16,-0.0145,-0.4647,-0.2815,0.3615
2004,13,584,16,-0.027,-0.6109,-0.0736,0.2396
2004,14,520,16,-0.0451,-0.8582,0.1956,0.1258
2004,15,459,15,-0.0608,-1.0571,0.2117,0.4877
2004,16,405,13,-0.0696,-1.223,0.1563,0.7512
2004,17,353,13,-0.08,-1.3583,0.0389,0.9181
2004,18,307,11,-0.0906,-1.4756,0.0209,0.7176
2004,19,266,10,-0.0881,-1.3738,-0.2307,0.8791
2004,20,226,10,-0.088,-0.9868,-0.6943,0.8691
2005,1,1526,22,0.0048,-0.0218,0.0174,0.4475
2005,2,1447,19,0.0107,-0.0464,-0.0381,0.7938
2005,3,1371,19,0.0169,-0.098,-0.0818,0.9562
2005,4,1295,19,0.0201,-0.1676,-0.1095,0.9494
2005,5,1219,19,0.0213,-0.1888,-0.2661,1.1049
2005,6,1143,19,0.0258,-0.1916,-0.387,1.1079
2005,7,1067,19,0.0273,-0.2126,-0.4006,0.8672
2005,8,991,19,0.0268,-0.2288,-0.397,0.7193
2005,9,915,19,0.0235,-0.2975,-0.3195,0.5556
2005,10,842,18,0.0163,-0.3332,-0.3736,0.5559
2005,11,776,16,0.0103,-0.295,-0.4993,0.739
2005,12,712,16,0.0054,-0.3685,-0.3872,0.4901
2005,13,648,16,-0.0029,-0.4559,-0.2166,0.2667
2005,14,584,16,-0.0148,-0.6215,-0.013,0.2628
2005,15,520,16,-0.0353,-0.9458,0.3156,0.1376
2005,16,459,15,-0.0488,-1.1925,0.3646,0.4814
2005,17,405,13,-0.0562,-1.3878,0.2703,0.86
2005,18,353,13,-0.0659,-1.5317,0.1084,1.0219
2005,19,307,11,-0.0779,-1.671,0.0509,0.83
2005,20,266,10,-0.0776,-1.6042,-0.1724,0.8272
2006,1,1614,22,0.0063,-0.0099,0.0146,0.4447
2006,2,1526,22,0.014,-0.0231,-0.0486,0.8246
2006,3,1447,19,0.0233,-0.0399,-0.1286,1.0183
2006,4,1371,19,0.0308,-0.083,-0.1556,1.006
2006,5,1295,19,0.037,-0.1087,-0.2454,1.0274
2006,6,1219,19,0.0419,-0.1105,-0.3795,1.1317
2006,7,1143,19,0.0462,-0.1221,-0.3982,0.9496
2006,8,1067,19,0.0483,-0.1339,-0.4079,0.8332
2006,9,991,19,0.0467,-0.1564,-0.4154,0.7695
2006,10,915,19,0.0393,-0.243,-0.3497,0.6141
2006,11,842,18,0.0312,-0.283,-0.417,0.6184
2006,12,776,16,0.026,-0.2606,-0.5125,0.7519
2006,13,712,16,0.0206,-0.3623,-0.3526,0.4166
2006,14,648,16,0.0141,-0.4442,-0.202,0.2866
2006,15,584,16,0.0018,-0.647,0.0345,0.2841
2006,16,520,16,-0.0185,-1.0279,0.4357,0.0961
2006,17,459,15,-0.0298,-1.2965,0.4653,0.5244
2006,18,405,13,-0.0355,-1.5117,0.3537,0.9382
2006,19,353,13,-0.0499,-1.7022,0.1421,1.1382
2006,20,307,11,-0.0662,-1.8836,0.1059,0.7883
2007,1,1703,23,0.0059,-0.0095,0.0144,0.4363
2007,2,1614,22,0.0156,-0.0079,-0.0458,0.8046
2007,3,1526,22,0.0271,-0.0138,-0.1327,1.0447
2007,4,1447,19,0.0379,-0.021,-0.202,1.0778
2007,5,1371,19,0.0483,-0.0257,-0.2868,1.0875
2007,6,1295,19,0.0579,-0.036,-0.3506,1.0532
2007,7,1219,19,0.0625,-0.0467,-0.387,0.9797
2007,8,1143,19,0.0671,-0.0548,-0.3984,0.9161
2007,9,1067,19,0.0682,-0.0744,-0.4162,0.8728
2007,10,991,19,0.0631,-0.1075,-0.4488,0.8426
2007,11,915,19,0.0547,-0.2025,-0.3874,0.6752
2007,12,842,18,0.0474,-0.2471,-0.4308,0.6237
2007,13,776,16,0.0422,-0.241,-0.502,0.7175
2007,14,712,16,0.0381,-0.342,-0.3481,0.4278
2007,15,648,16,0.0321,-0.4437,-0.1805,0.313
2007,16,584,16,0.0205,-0.6859,0.1128,0.2614
2007,17,520,16,0.0013,-1.0963,0.5149,0.1274
2007,18,459,15,-0.0086,-1.3914,0.5422,0.566
2007,19,405,13,-0.0171,-1.6427,0.3883,1.0413
2007,20,353,13,-0.0359,-1.8723,0.1736,1.1478
2008,1,1795,23,0.0031,-0.0295,0.0127,0.4582
2008,2,1703,23,0.0121,-0.0282,-0.0411,0.779
2008,3,1614,22,0.0257,-0.0151,-0.1302,1.0132
2008,4,1526,22,0.039,-0.0108,-0.203,1.092
2008,5,1447,19,0.0521,0.0132,-0.3167,1.1305
2008,6,1371,19,0.0653,0.024,-0.3772,1.0847
2008,7,1295,19,0.0746,0.0121,-0.3688,0.926
2008,8,1219,19,0.0792,0.0056,-0.3967,0.9451
2008,9,1143,19,0.0828,-0.0049,-0.4161,0.9372
2008,10,1067,19,0.0807,-0.0279,-0.4598,0.9305
2008,11,991,19,0.0746,-0.0664,-0.4865,0.8712
2008,12,915,19,0.0673,-0.1537,-0.4175,0.676
2008,13,842,18,0.0601,-0.2096,-0.4393,0.6018
2008,14,776,16,0.0556,-0.222,-0.4729,0.671
2008,15,712,16,0.0519,-0.3427,-0.3012,0.422
2008,16,648,16,0.0466,-0.4798,-0.0963,0.316
2008,17,584,16,0.0343,-0.7667,0.2039,0.3103
2008,18,520,16,0.0164,-1.1811,0.5544,0.2289
2008,19,459,15,0.0042,-1.4971,0.5193,0.7178
2008,20,405,13,-0.0082,-1.7702,0.3735,1.0308
2009,1,1887,23,0.0021,-0.0377,0.013,0.4652
2009,2,1795,23,0.0071,-0.0654,-0.0458,0.8214
2009,3,1703,23,0.0197,-0.0531,-0.1197,0.9642
2009,4,1614,22,0.0349,-0.0271,-0.2041,1.0592
2009,5,1526,22,0.0502,0.0032,-0.3061,1.1175
2009,6,1447,19,0.0653,0.036,-0.383,1.0855
2009,7,1371,19,0.0781,0.0492,-0.3862,0.948
2009,8,1295,19,0.087,0.0467,-0.3913,0.9232
2009,9,1219,19,0.0904,0.0378,-0.4182,0.9512
2009,10,1143,19,0.0911,0.0311,-0.4675,0.9794
2009,11,1067,19,0.088,0.0068,-0.5034,0.9427
2009,12,991,19,0.0826,-0.0274,-0.5049,0.827
2009,13,915,19,0.0761,-0.1131,-0.4382,0.6531
2009,14,842,18,0.0698,-0.1847,-0.4213,0.5699
2009,15,776,16,0.0649,-0.2355,-0.395,0.596
2009,16,712,16,0.062,-0.3825,-0.2035,0.4171
2009,17,648,16,0.0561,-0.5601,-0.0025,0.3775
2009,18,584,16,0.0436,-0.8602,0.2471,0.4293
2009,19,520,16,0.0251,-1.282,0.5249,0.3719
2009,20,459,15,0.0105,-1.6023,0.4896,0.7027
2010,1,1981,25,0.0036,-0.0266,0.0087,0.4312
2010,2,1887,23,0.0073,-0.0638,-0.0489,0.8139
2010,3,1795,23,0.0152,-0.0861,-0.1263,1.0026
2010,4,1703,23,0.0293,-0.0622,-0.1946,1.0089
2010,5,1614,22,0.0463,-0.0126,-0.3041,1.0764
2010,6,1526,22,0.0632,0.024,-0.3686,1.0721
2010,7,1447,19,0.0777,0.0571,-0.3869,0.9473
2010,8,1371,19,0.0897,0.0771,-0.4036,0.9417
2010,9,1295,19,0.0976,0.0748,-0.4155,0.9389
2010,10,1219,19,0.0982,0.0681,-0.4664,0.992
2010,11,1143,19,0.098,0.0597,-0.5041,0.979
2010,12,1067,19,0.0957,0.0413,-0.5217,0.9057
2010,13,991,19,0.0909,0.0093,-0.5267,0.8053
2010,14,915,19,0.0852,-0.0879,-0.4243,0.6239
2010,15,842,18,0.0784,-0.194,-0.3493,0.4903
2010,16,776,16,0.075,-0.264,-0.3125,0.6008
2010,17,712,16,0.0719,-0.4448,-0.1295,0.48
2010,18,648,16,0.0663,-0.6176,0.006,0.5074
2010,19,584,16,0.0529,-0.9346,0.2094,0.5587
2010,20,520,16,0.0323,-1.3698,0.518,0.2965
2011,1,2085,26,0.0023,-0.0379,0.0376,0.3986
2011,2,1981,25,0.008,-0.0613,-0.0334,0.7639
2011,3,1887,23,0.0145,-0.0943,-0.1231,1.0188
2011,4,1795,23,0.0235,-0.1095,-0.1916,1.056
2011,5,1703,23,0.0391,-0.0651,-0.2807,1.0189
2011,6,1614,22,0.0573,-0.0098,-0.3623,1.0374
2011,7,1526,22,0.0734,0.0275,-0.373,0.9405
2011,8,1447,19,0.0865,0.0593,-0.3843,0.9064
2011,9,1371,19,0.0974,0.0802,-0.4068,0.9213
2011,10,1295,19,0.1028,0.0855,-0.4619,0.9961
2011,11,1219,19,0.1025,0.078,-0.5008,0.9873
2011,12,1143,19,0.1029,0.0762,-0.5219,0.9361
2011,13,1067,19,0.1009,0.0579,-0.5324,0.8554
2011,14,991,19,0.0968,0.0168,-0.502,0.7501
2011,15,915,19,0.0908,-0.1046,-0.3563,0.5452
2011,16,842,18,0.0857,-0.2298,-0.2659,0.4856
2011,17,776,16,0.0818,-0.3371,-0.2214,0.6301
2011,18,712,16,0.0788,-0.5123,-0.1051,0.5895
2011,19,648,16,0.0723,-0.696,-0.0279,0.6537
2011,20,584,16,0.0563,-1.027,0.2036,0.4959
2012,1,2191,28,0.0019,-0.0388,0.0436,0.3895
2012,2,2085,26,0.0054,-0.0826,0.0233,0.7
2012,3,1981,25,0.0141,-0.099,-0.0963,0.9771
2012,4,1887,23,0.0215,-0.1253,-0.1873,1.0988
2012,5,1795,23,0.032,-0.1233,-0.2677,1.064
2012,6,1703,23,0.0486,-0.0751,-0.3276,0.9712
2012,7,1614,22,0.0657,-0.0189,-0.3655,0.9183
2012,8,1526,22,0.0804,0.0155,-0.3675,0.8967
2012,9,1447,19,0.0922,0.0452,-0.373,0.8601
2012,10,1371,19,0.1006,0.0755,-0.4447,0.9667
2012,11,1295,19,0.1053,0.086,-0.5046,1.0104
2012,12,1219,19,0.1054,0.0846,-0.5237,0.9433
2012,13,1143,19,0.1061,0.0841,-0.5327,0.8653
2012,14,1067,19,0.1047,0.0588,-0.5066,0.7834
2012,15,991,19,0.1003,-0.0046,-0.4283,0.6469
2012,16,915,19,0.0958,-0.1354,-0.2824,0.5425
2012,17,842,18,0.09,-0.3023,-0.1747,0.5088
2012,18,776,16,0.0856,-0.4183,-0.1679,0.684
2012,19,712,16,0.0817,-0.5977,-0.1216,0.7305
2012,20,648,16,0.0722,-0.7952,-0.0267,0.6124
2013,1,2303,28,0.0024,-0.0372,0.0398,0.386
2013,2,2191,28,0.0054,-0.0814,0.0281,0.6787
2013,3,2085,26,0.0111,-0.1224,-0.0352,0.9074
2013,4,1981,25,0.0209,-0.1302,-0.1615,1.0589
2013,5,1887,23,0.0298,-0.1399,-0.2637,1.1078
2013,6,1795,23,0.0413,-0.133,-0.3127,1.0094
2013,7,1703,23,0.0569,-0.0836,-0.3308,0.8553
2013,8,1614,22,0.0725,-0.0306,-0.3639,0.8818
2013,9,1526,22,0.086,0.003,-0.361,0.8546
2013,10,1447,19,0.0954,0.0413,-0.4128,0.9041
2013,11,1371,19,0.1032,0.078,-0.4906,0.981
2013,12,1295,19,0.1082,0.095,-0.5318,0.9686
2013,13,1219,19,0.1086,0.0945,-0.5341,0.8674
2013,14,1143,19,0.1096,0.0853,-0.5021,0.7811
2013,15,1067,19,0.1079,0.0396,-0.4307,0.6793
2013,16,991,19,0.105,-0.0359,-0.3481,0.6382
2013,17,915,19,0.0997,-0.2047,-0.1877,0.5642
2013,18,842,18,0.0931,-0.391,-0.1152,0.5645
2013,19,776,16,0.0871,-0.5193,-0.1646,0.7998
2013,20,712,16,0.0804,-0.7122,-0.1028,0.6819
2014,1,2415,28,0.003,-0.0318,0.0244,0.4077
2014,2,2303,28,0.0067,-0.0751,0.0194,0.6614
2014,3,2191,28,0.0118,-0.1152,-0.0375,0.8724
2014,4,2085,26,0.0183,-0.1473,-0.1131,0.9997
2014,5,1981,25,0.0293,-0.1397,-0.2438,1.0634
2014,6,1887,23,0.0393,-0.1438,-0.309,1.0375
2014,7,1795,23,0.0503,-0.1312,-0.3243,0.8958
2014,8,1703,23,0.0647,-0.0842,-0.3392,0.8325
2014,9,1614,22,0.0792,-0.0327,-0.3586,0.8325
2014,10,1526,22,0.0903,0.0095,-0.4019,0.8998
2014,11,1447,19,0.0993,0.0568,-0.4706,0.9406
2014,12,1371,19,0.1075,0.0987,-0.5274,0.955
2014,13,1295,19,0.1127,0.1136,-0.5403,0.8799
2014,14,1219,19,0.1134,0.1039,-0.5017,0.7835
2014,15,1143,19,0.1141,0.0733,-0.4218,0.675
2014,16,1067,19,0.1137,0.0167,-0.3537,0.6839
2014,17,991,19,0.1101,-0.0945,-0.2582,0.674
2014,18,915,19,0.1038,-0.2836,-0.1241,0.6138
2014,19,842,18,0.0956,-0.4828,-0.1176,0.6925
2014,20,776,16,0.0871,-0.6242,-0.1606,0.7771
2015,1,2532,33,0.003,-0.0285,0.0226,0.4114
2015,2,2415,28,0.0075,-0.0647,-0.0046,0.6988
2015,3,2303,28,0.0133,-0.1051,-0.0458,0.8455
2015,4,2191,28,0.0191,-0.1376,-0.1135,0.9549
2015,5,2085,26,0.0266,-0.1561,-0.1928,1.0026
2015,6,1981,25,0.0387,-0.1425,-0.2916,1.0032
2015,7,1887,23,0.0482,-0.14,-0.3244,0.9295
2015,8,1795,23,0.0584,-0.1254,-0.3411,0.8802
2015,9,1703,23,0.072,-0.079,-0.3403,0.7872
2015,10,1614,22,0.0845,-0.0193,-0.4001,0.8727
2015,11,1526,22,0.0953,0.0311,-0.4572,0.9328
2015,12,1447,19,0.1047,0.0851,-0.5144,0.9312
2015,13,1371,19,0.1132,0.1249,-0.5437,0.8823
2015,14,1295,19,0.1184,0.1287,-0.509,0.7908
2015,15,1219,19,0.1189,0.0995,-0.4241,0.6786
2015,16,1143,19,0.1206,0.0578,-0.3463,0.6778
2015,17,1067,19,0.1198,-0.0299,-0.2689,0.7241
2015,18,991,19,0.1154,-0.1586,-0.1993,0.7295
2015,19,915,19,0.1075,-0.3609,-0.125,0.7406
2015,20,842,18,0.0966,-0.5793,-0.1175,0.6803
2016,1,2666,35,0.0037,-0.0253,0.0215,0.4091
2016,2,2532,33,0.0083,-0.0571,-0.0094,0.707
2016,3,2415,28,0.0148,-0.0899,-0.0733,0.8859
2016,4,2303,28,0.0214,-0.1239,-0.1194,0.922
2016,5,2191,28,0.0281,-0.1443,-0.191,0.9524
2016,6,2085,26,0.0368,-0.155,-0.2489,0.9589
2016,7,1981,25,0.0483,-0.1359,-0.3127,0.903
2016,8,1887,23,0.0573,-0.13,-0.3404,0.8977
2016,9,1795,23,0.0669,-0.1137,-0.3472,0.8365
2016,10,1703,23,0.0786,-0.0588,-0.3855,0.8317
2016,11,1614,22,0.091,0.0081,-0.4522,0.899
2016,12,1526,22,0.1022,0.0631,-0.495,0.9209
2016,13,1447,19,0.112,0.1165,-0.5327,0.8738
2016,14,1371,19,0.1205,0.1444,-0.5165,0.8106
2016,15,1295,19,0.1252,0.1277,-0.4315,0.6846
2016,16,1219,19,0.1268,0.0888,-0.3535,0.689
2016,17,1143,19,0.1282,0.0194,-0.2664,0.7194
2016,18,1067,19,0.1269,-0.0827,-0.2147,0.7811
2016,19,991,19,0.1213,-0.2179,-0.2102,0.866
2016,20,915,19,0.1108,-0.439,-0.1263,0.7312
2017,1,2805,38,0.0042,-0.0245,0.0261,0.3987
2017,2,2662,35,0.0096,-0.0517,-0.0087,0.7039
2017,3,2528,33,0.0161,-0.079,-0.0829,0.9066
2017,4,2411,28,0.0234,-0.105,-0.1549,0.9764
2017,5,2299,28,0.0308,-0.1281,-0.1981,0.9158
2017,6,2187,28,0.0387,-0.1405,-0.2504,0.9047
2017,7,2081,26,0.047,-0.1426,-0.2856,0.8822
2017,8,1977,25,0.0574,-0.1215,-0.3307,0.8588
2017,9,1883,23,0.0658,-0.1135,-0.3449,0.8395
2017,10,1791,23,0.0736,-0.0849,-0.3971,0.8872
2017,11,1699,23,0.0856,-0.0227,-0.4443,0.8709
2017,12,1610,22,0.0986,0.0457,-0.4868,0.8781
2017,13,1525,21,0.1104,0.1003,-0.5127,0.8639
2017,14,1447,19,0.1203,0.1431,-0.511,0.8125
2017,15,1371,19,0.1285,0.1517,-0.4466,0.7189
2017,16,1295,19,0.1342,0.1248,-0.3646,0.6927
2017,17,1219,19,0.1354,0.0612,-0.2808,0.736
2017,18,1143,19,0.1366,-0.0193,-0.2183,0.7777
2017,19,1067,19,0.1344,-0.1246,-0.234,0.9261
2017,20,991,19,0.1266,-0.2729,-0.224,0.8717
2018,1,2954,39,0.0039,-0.0247,0.0272,0.3926
2018,2,2801,38,0.0099,-0.0509,-0.0015,0.6863
2018,3,2658,35,0.0173,-0.0732,-0.0811,0.9028
2018,4,2524,33,0.0247,-0.0941,-0.1671,1.0052
2018,5,2407,28,0.0327,-0.1104,-0.2326,0.9701
2018,6,2295,28,0.0412,-0.1259,-0.2537,0.8614
2018,7,2183,28,0.0486,-0.1303,-0.286,0.832
2018,8,2077,26,0.0559,-0.1301,-0.301,0.8337
2018,9,1973,25,0.0656,-0.1075,-0.3332,0.8009
2018,10,1879,23,0.0725,-0.0858,-0.3951,0.891
2018,11,1787,23,0.0806,-0.0505,-0.4551,0.9244
2018,12,1695,23,0.093,0.0133,-0.479,0.8495
2018,13,1609,21,0.1067,0.0819,-0.5063,0.8229
2018,14,1525,21,0.1185,0.1283,-0.4995,0.8119
2018,15,1447,19,0.1282,0.1544,-0.4496,0.725
2018,16,1371,19,0.137,0.1526,-0.3819,0.7125
2018,17,1295,19,0.1426,0.1054,-0.2986,0.7382
2018,18,1219,19,0.1438,0.0343,-0.2422,0.7961
2018,19,1143,19,0.1443,-0.0442,-0.2511,0.932
2018,20,1067,19,0.1403,-0.1581,-0.2613,0.9407
2019,1,3107,40,0.0038,-0.0243,0.0274,0.3901
2019,2,2950,39,0.0093,-0.0512,0.0028,0.6699
2019,3,2797,38,0.0172,-0.0719,-0.0726,0.8813
2019,4,2654,35,0.0255,-0.0883,-0.1635,1.0017
2019,5,2520,33,0.0335,-0.1007,-0.24,0.9932
2019,6,2403,28,0.0424,-0.1112,-0.2777,0.9061
2019,7,2291,28,0.0503,-0.1192,-0.2806,0.7859
2019,8,2179,28,0.0568,-0.1229,-0.2933,0.7871
2019,9,2073,26,0.0634,-0.1229,-0.2883,0.7582
2019,10,1969,25,0.0715,-0.0875,-0.3758,0.8627
2019,11,1875,23,0.0786,-0.0585,-0.4528,0.9447
2019,12,1783,23,0.0871,-0.023,-0.4875,0.907
2019,13,1694,22,0.1002,0.0413,-0.4941,0.7874
2019,14,1609,21,0.1137,0.1035,-0.4973,0.7781
2019,15,1525,21,0.1252,0.1369,-0.4493,0.7363
2019,16,1447,19,0.1354,0.1517,-0.3861,0.7045
2019,17,1371,19,0.1442,0.1328,-0.3145,0.735
2019,18,1295,19,0.15,0.0835,-0.2692,0.8055
2019,19,1219,19,0.1506,0.0164,-0.2821,0.948
2019,20,1143,19,0.1497,-0.0649,-0.2893,0.9517
2020,1,3255,40,0.005,-0.0212,0.0255,0.3815
2020,2,3095,40,0.0105,-0.0486,0.0049,0.6604
2020,3,2938,39,0.0179,-0.0696,-0.0681,0.8644
2020,4,2785,38,0.0263,-0.0844,-0.1586,0.9895
2020,5,2642,35,0.0352,-0.093,-0.2404,0.9952
2020,6,2508,33,0.0441,-0.0998,-0.2883,0.9288
2020,7,2391,28,0.0527,-0.1032,-0.3151,0.8401
2020,8,2279,28,0.0599,-0.1086,-0.3101,0.768
2020,9,2170,27,0.0652,-0.1121,-0.2871,0.7182
2020,10,2065,25,0.0703,-0.0994,-0.3397,0.8348
2020,11,1965,25,0.0787,-0.0559,-0.4418,0.9206
2020,12,1871,23,0.0861,-0.0278,-0.4844,0.9118
2020,13,1782,22,0.0952,0.0067,-0.4946,0.8268
2020,14,1694,22,0.1081,0.064,-0.4785,0.7359
2020,15,1609,21,0.1212,0.1133,-0.4459,0.7116
2020,16,1525,21,0.1329,0.1355,-0.3875,0.7247
2020,17,1447,19,0.1432,0.1357,-0.3225,0.7337
2020,18,1371,19,0.1523,0.1149,-0.2873,0.8059
2020,19,1295,19,0.1579,0.0693,-0.305,0.9484
2020,20,1219,19,0.1574,0.001,-0.3187,0.9714
2021,1,3403,40,0.0059,-0.0153,0.0225,0.3686
2021,2,3243,40,0.0129,-0.0392,0.0036,0.6392
2021,3,3083,40,0.0204,-0.0623,-0.057,0.8341
2021,4,2926,39,0.0283,-0.0784,-0.1456,0.967
2021,5,2773,38,0.0374,-0.0865,-0.2302,0.9909
2021,6,2630,35,0.0469,-0.0909,-0.2829,0.9362
2021,7,2496,33,0.0555,-0.0905,-0.3263,0.8759
2021,8,2379,28,0.0635,-0.0905,-0.3539,0.8462
2021,9,2270,27,0.0696,-0.0958,-0.3106,0.7066
2021,10,2162,26,0.0736,-0.0864,-0.3438,0.7905
2021,11,2061,25,0.0789,-0.0649,-0.418,0.9082
2021,12,1961,25,0.0877,-0.0215,-0.4812,0.8859
2021,13,1870,22,0.0957,0.0042,-0.4888,0.8117
2021,14,1782,22,0.1048,0.0346,-0.4822,0.7747
2021,15,1694,22,0.1175,0.0812,-0.4364,0.6811
2021,16,1609,21,0.1309,0.1183,-0.388,0.7005
2021,17,1525,21,0.1428,0.1249,-0.317,0.7391
2021,18,1447,19,0.1539,0.1277,-0.2997,0.8176
2021,19,1371,19,0.1632,0.112,-0.3334,0.9764
2021,20,1295,19,0.1681,0.063,-0.3387,0.9607
2022,1,3551,40,0.0057,-0.0166,0.0277,0.3488
2022,2,3391,40,0.0139,-0.0332,0.008,0.6045
2022,3,3231,40,0.0231,-0.0531,-0.0512,0.8061
2022,4,3071,40,0.0312,-0.0717,-0.1287,0.9346
2022,5,2914,39,0.0397,-0.081,-0.2173,0.9809
2022,6,2761,38,0.0492,-0.0861,-0.2694,0.9317
2022,7,2618,35,0.0584,-0.0837,-0.316,0.8787
2022,8,2484,33,0.0662,-0.0796,-0.3664,0.8885
2022,9,2370,27,0.0732,-0.0794,-0.3569,0.7891
2022,10,2262,26,0.078,-0.0735,-0.3608,0.7655
2022,11,2158,26,0.0819,-0.0554,-0.4193,0.8622
2022,12,2057,25,0.0876,-0.0343,-0.458,0.8855
2022,13,1960,24,0.097,0.0047,-0.4773,0.7747
2022,14,1870,22,0.1053,0.0292,-0.4808,0.778
2022,15,1782,22,0.1143,0.0509,-0.4485,0.7315
2022,16,1694,22,0.1271,0.0858,-0.3856,0.6702
2022,17,1609,21,0.1407,0.1085,-0.3198,0.6977
2022,18,1525,21,0.1535,0.12,-0.3001,0.8254
2022,19,1447,19,0.1648,0.1284,-0.3485,0.9863
2022,20,1371,19,0.1739,0.1111,-0.3663,0.9831
2023,1,3699,40,0.0034,-0.0201,0.014,0.3586
2023,2,3539,40,0.0112,-0.04,0.022,0.5353
2023,3,3379,40,0.0213,-0.052,-0.0335,0.7301
2023,4,3219,40,0.031,-0.0656,-0.1222,0.9118
2023,5,3059,40,0.0397,-0.076,-0.2099,0.9678
2023,6,2902,39,0.0486,-0.0821,-0.2644,0.9286
2023,7,2749,38,0.0579,-0.0809,-0.302,0.86
2023,8,2606,35,0.0662,-0.075,-0.3539,0.8851
2023,9,2475,32,0.0734,-0.0737,-0.3568,0.8078
2023,10,2362,26,0.0789,-0.065,-0.3866,0.8224
2023,11,2258,26,0.0835,-0.0507,-0.4236,0.8398
2023,12,2154,26,0.0874,-0.0387,-0.4338,0.8323
2023,13,2056,24,0.0935,-0.0272,-0.4089,0.7256
2023,14,1960,24,0.1031,0.011,-0.4506,0.773
2023,15,1870,22,0.1113,0.0289,-0.4532,0.7979
2023,16,1782,22,0.1203,0.0394,-0.406,0.7487
2023,17,1694,22,0.1331,0.0625,-0.3262,0.6651
2023,18,1609,21,0.1474,0.0939,-0.3155,0.7764
2023,19,1525,21,0.1605,0.1146,-0.3601,0.9798
2023,20,1447,19,0.1715,0.121,-0.3773,0.9594
2024,1,3847,40,0.0035,-0.0188,0.0154,0.3508
2024,2,3687,40,0.0083,-0.043,0.0028,0.548
2024,3,3527,40,0.0178,-0.0595,-0.0166,0.6442
2024,4,3367,40,0.0283,-0.0655,-0.097,0.8138
2024,5,3207,40,0.0385,-0.0706,-0.2012,0.9489
2024,6,3047,40,0.0478,-0.0775,-0.2603,0.9248
2024,7,2890,39,0.0565,-0.0777,-0.3001,0.8643
2024,8,2737,38,0.0649,-0.0735,-0.3365,0.8547
2024,9,2597,34,0.0725,-0.0697,-0.3452,0.8049
2024,10,2467,31,0.0781,-0.0606,-0.3847,0.8364
2024,11,2358,26,0.0833,-0.0442,-0.4448,0.8895
2024,12,2254,26,0.088,-0.0351,-0.4379,0.8125
2024,13,2153,25,0.0923,-0.0334,-0.3807,0.6694
2024,14,2056,24,0.0985,-0.0234,-0.3727,0.7092
2024,15,1960,24,0.1081,0.01,-0.4224,0.7993
2024,16,1870,22,0.1164,0.0189,-0.4206,0.837
2024,17,1782,22,0.1252,0.0181,-0.3575,0.754
2024,18,1694,22,0.1388,0.0508,-0.3312,0.7416
2024,19,1609,21,0.1534,0.0939,-0.3851,0.9261
2024,20,1525,21,0.1665,0.116,-0.3994,0.9545
2025,1,3988,40,0.0041,-0.017,0.0128,0.3475
2025,2,3828,40,0.0091,-0.0401,0.0107,0.5137
2025,3,3668,40,0.0153,-0.0634,-0.0311,0.6549
2025,4,3508,40,0.0257,-0.076,-0.0698,0.7136
2025,5,3348,40,0.0367,-0.0728,-0.1716,0.859
2025,6,3188,40,0.0474,-0.075,-0.2473,0.912
2025,7,3028,40,0.0566,-0.078,-0.2893,0.8599
2025,8,2871,39,0.0646,-0.076,-0.3291,0.8583
2025,9,2721,37,0.0724,-0.0739,-0.3256,0.7795
2025,10,2582,33,0.0784,-0.063,-0.3689,0.8272
2025,11,2456,31,0.0837,-0.0458,-0.4437,0.9091
2025,12,2347,26,0.089,-0.0346,-0.4574,0.8569
2025,13,2246,25,0.0941,-0.0359,-0.3823,0.6411
2025,14,2146,25,0.0986,-0.0357,-0.3434,0.6512
2025,15,2049,24,0.1049,-0.0302,-0.3388,0.7203
2025,16,1956,23,0.1145,-0.0057,-0.3839,0.8263
2025,17,1867,22,0.1224,-0.0123,-0.3545,0.8161
2025,18,1779,22,0.1318,-0.006,-0.3472,0.8232
2025,19,1691,22,0.1458,0.0398,-0.3996,0.9124
2025,20,1606,21,0.1605,0.0831,-0.414,0.9002
