,gdp_nominal,rent_index,stock_units,vacant_units,pipeline_landed,pipeline_nonlanded,population,sgs_10y
1957Q2,,,,,,,1445929.0,
1958Q2,,,,,,,1518800.0,
1959Q2,,,,,,,1587200.0,
1960Q2,,,,,,,1646400.0,
1961Q2,,,,,,,1702400.0,
1962Q2,,,,,,,1750200.0,
1963Q2,,,,,,,1795000.0,
1964Q2,,,,,,,1841600.0,
1965Q2,,,,,,,1886900.0,
1966Q2,,,,,,,1934400.0,
1967Q2,,,,,,,1977600.0,
1968Q2,,,,,,,2012000.0,
1969Q2,,,,,,,2042500.0,
1970Q2,,,,,,,2074507.0,
1971Q2,,,,,,,2112900.0,
1972Q2,,,,,,,2152400.0,
1973Q2,,,,,,,2193000.0,
1974Q2,,,,,,,2229800.0,
1975Q1,3209.4,,,,,,,
1975Q2,3307.0,,,,,,2262600.0,
1975Q3,3519.3,,,,,,,
1975Q4,3693.0,,,,,,,
1976Q1,3545.1,,,,,,,
1976Q2,3620.2,,,,,,2293300.0,
1976Q3,3846.5,,,,,,,
1976Q4,3991.6,,,,,,,
1977Q1,3873.5,,,,,,,
1977Q2,3963.1,,,,,,2325300.0,
1977Q3,4172.4,,,,,,,
1977Q4,4344.2,,,,,,,
1978Q1,4284.1,,,,,,,
1978Q2,4376.8,,,,,,2353600.0,
1978Q3,4695.8,,,,,,,
1978Q4,4980.7,,,,,,,
1979Q1,4768.5,,,,,,,
1979Q2,5061.6,,,,,,2383500.0,
1979Q3,5461.2,,,,,,,
1979Q4,5849.9,,,,,,,
1980Q1,6017.1,,,,,,,
1980Q2,6246.6,,,,,,2413945.0,
1980Q3,6617.9,,,,,,,
1980Q4,6988.0,,,,,,,
1981Q1,6974.4,,,,,,,
1981Q2,7298.3,,,,,,2532835.0,
1981Q3,7845.2,,,,,,,
1981Q4,8234.1,,,,,,,
1982Q1,8064.3,,,,,,,
1982Q2,8199.0,,,,,,2646466.0,
1982Q3,8617.1,,,,,,,
1982Q4,9100.8,,,,,,,
1983Q1,8816.0,,,,,,,
1983Q2,9329.5,,,,,,2681061.0,
1983Q3,9797.8,,,,,,,
1983Q4,10114.7,,,,,,,
1984Q1,9931.0,,,,,,,
1984Q2,10225.8,,,,,,2732221.0,
1984Q3,10668.8,,,,,,,
1984Q4,10904.8,,,,,,,
1985Q1,10440.2,,,,,,,
1985Q2,10180.7,,,,,,2735957.0,
1985Q3,10219.9,,,,,,,
1985Q4,10022.0,,,,,,,
1986Q1,9769.0,,,,,,,
1986Q2,9961.4,,,,,,2733373.0,
1986Q3,10288.0,,,,,,,
1986Q4,10874.3,,,,,,,
1987Q1,10427.3,,,,,,,
1987Q2,10982.5,,,,,,2774789.0,
1987Q3,11725.2,,,,,,,
1987Q4,12414.5,,,,,,,
1988Q1,12109.6,,49934.0,4825.0,,,,
1988Q2,12854.7,,50320.0,3764.0,,,2846108.0,
1988Q3,13803.0,,50630.0,3688.0,,,,
1988Q4,14665.0,,51310.0,3110.0,,,,
1989Q1,13954.6,,51903.0,3043.0,,,,
1989Q2,14854.3,,52604.0,3608.0,,,2930901.0,
1989Q3,15789.2,,53485.0,3136.0,,,,
1989Q4,16710.4,,54448.0,3032.0,,,,
1990Q1,16669.5,75.5,55414.0,3524.0,,,,
1990Q2,17087.7,82.6,56329.0,3939.0,,,3047132.0,
1990Q3,17930.1,84.1,57181.0,4233.0,,,,
1990Q4,18805.0,85.7,58157.0,3857.0,,,,
1991Q1,18521.0,90.4,59224.0,3964.0,,,,
1991Q2,19058.1,93.8,60072.0,4187.0,,,3135083.0,
1991Q3,20151.6,101.4,61219.0,4594.0,,,,
1991Q4,20812.1,99.1,61948.0,3981.0,,,,
1992Q1,19958.9,100.4,62993.0,4381.0,,,,
1992Q2,20381.9,104.7,63791.0,4144.0,,,3230698.0,
1992Q3,21674.3,107.3,64858.0,4140.0,,,,
1992Q4,22905.1,105.4,66330.0,4906.0,,,,
1993Q1,22554.2,104.7,67545.0,5162.0,,,,
1993Q2,23633.7,108.7,68788.0,5542.0,13839.0,41145.0,3313471.0,
1993Q3,24980.3,111.5,70349.0,5723.0,13894.0,45149.0,,
1993Q4,26754.9,107.1,71299.0,5038.0,15005.0,54015.0,,
1994Q1,26288.3,107.0,72325.0,4776.0,14613.0,54870.0,,
1994Q2,26949.0,105.4,74027.0,4783.0,15733.0,55033.0,3419048.0,
1994Q3,29045.0,102.6,75908.0,5536.0,15390.0,56134.0,,
1994Q4,30273.1,101.6,78012.0,5488.0,17562.0,61575.0,,
1995Q1,28926.8,103.4,124338.0,7311.0,17445.0,62023.0,,
1995Q2,30105.4,106.2,125438.0,7551.0,17365.0,63177.0,3524506.0,
1995Q3,32070.8,107.7,127187.0,7435.0,16990.0,64072.0,,
1995Q4,33360.3,108.5,129106.0,7323.0,18348.0,69732.0,,
1996Q1,32774.3,114.6,130737.0,8811.0,17977.0,73342.0,,
1996Q2,33179.0,107.7,145085.0,8955.0,17474.0,79533.0,3670704.0,
1996Q3,33910.5,108.1,146823.0,8549.0,17127.0,79104.0,,
1996Q4,35913.4,104.8,149114.0,9262.0,17460.0,85574.0,,
1997Q1,34790.5,100.5,151790.0,10902.0,17206.0,83099.0,,
1997Q2,36840.4,97.1,154484.0,12815.0,16736.0,82006.0,3796038.0,
1997Q3,38251.6,101.1,158446.0,14179.0,15799.0,74885.0,,
1997Q4,38781.9,99.2,161273.0,14467.0,10556.0,76114.0,,
1998Q1,35996.4,92.5,163873.0,14176.0,10041.0,70305.0,,
1998Q2,35854.7,86.2,166958.0,16069.0,9676.0,58018.0,3927213.0,5.3
1998Q3,35884.4,79.6,170191.0,16493.0,8517.0,55190.0,,5.43
1998Q4,35739.4,71.7,173573.0,15612.0,8216.0,54726.0,,4.36
1999Q1,33909.9,67.9,176331.0,14792.0,7785.0,52693.0,,4.35
1999Q2,36198.8,68.7,179294.0,14898.0,7428.0,51438.0,3958723.0,3.98
1999Q3,37466.3,69.4,180786.0,13657.0,7367.0,55742.0,,4.83
1999Q4,38677.5,70.4,183551.0,14710.0,7236.0,55174.0,,4.65
2000Q1,38264.8,70.6,185503.0,15788.0,7065.0,55717.0,,4.48
2000Q2,40050.2,71.9,190190.0,17216.0,6666.0,52979.0,4027887.0,4.17
2000Q3,42949.8,73.2,191133.0,15172.0,6703.0,52973.0,,4.53
2000Q4,44367.6,70.8,193028.0,13341.0,6744.0,53407.0,,4.34
2001Q1,41459.4,70.6,193980.0,12582.0,6606.0,52037.0,,3.69
2001Q2,40180.2,70.4,194984.0,13912.0,6602.0,51079.0,4138012.0,3.62
2001Q3,39432.8,69.8,195913.0,14818.0,6538.0,49629.0,,3.62
2001Q4,39813.2,68.8,198354.0,16207.0,6383.0,46242.0,,2.97
2002Q1,40549.3,67.9,199584.0,15078.0,6300.0,46251.0,,3.91
2002Q2,41324.7,67.9,201776.0,16767.0,5941.0,45222.0,4175950.0,3.91
2002Q3,41446.2,68.4,203520.0,16463.0,5939.0,44398.0,,3.72
2002Q4,42377.9,67.8,205197.0,17454.0,5770.0,46708.0,,3.04
2003Q1,42119.5,66.3,206669.0,15790.0,5271.0,46689.0,,2.44
2003Q2,40129.5,65.2,207857.0,15709.0,5236.0,45778.0,4114826.0,2.1
2003Q3,42593.9,64.6,209823.0,16934.0,5194.0,46314.0,,3.07
2003Q4,45275.0,64.4,210934.0,16339.0,5047.0,46976.0,,3.95
2004Q1,46629.9,64.0,214275.0,18071.0,4896.0,45889.0,,3.39
2004Q2,46731.1,64.0,216787.0,17958.0,4785.0,44771.0,4166664.0,3.26
2004Q3,49227.6,64.2,219740.0,18689.0,4520.0,43697.0,,3.53
2004Q4,51844.4,64.6,221903.0,17916.0,4446.0,42764.0,,3.09
2005Q1,50503.1,65.2,223686.0,19790.0,4350.0,42349.0,,2.94
2005Q2,51193.3,65.6,225432.0,19607.0,4684.0,41227.0,4265762.0,2.87
2005Q3,53712.8,66.1,227279.0,19391.0,4737.0,42121.0,,2.62
2005Q4,57313.8,66.5,229356.0,19276.0,4458.0,43448.0,,3.03
2006Q1,55792.4,67.2,230196.0,17086.0,4397.0,44665.0,,3.35
2006Q2,57286.5,68.7,230752.0,15087.0,4498.0,47753.0,4401365.0,3.51
2006Q3,59703.4,72.1,232413.0,15417.0,4357.0,49402.0,,3.51
2006Q4,63376.5,75.9,233364.0,14257.0,4452.0,49053.0,,3.19
2007Q1,63562.0,81.6,233195.0,11863.0,4352.0,53556.0,,3.18
2007Q2,66974.0,90.1,233143.0,11506.0,4453.0,61159.0,4588599.0,2.68
2007Q3,70005.2,100.4,233969.0,12550.0,4853.0,65868.0,,2.98
2007Q4,72156.4,107.2,234812.0,13134.0,5056.0,69066.0,,2.81
2008Q1,68713.8,113.6,236903.0,14862.0,5248.0,68960.0,,2.21
2008Q2,68444.9,116.5,237664.0,14437.0,5127.0,66516.0,4839396.0,2.44
2008Q3,70075.9,115.5,238853.0,13939.0,4982.0,62481.0,,3.21
2008Q4,66707.0,109.3,241204.0,14623.0,4872.0,61357.0,,2.95
2009Q1,64780.7,100.0,243181.0,14442.0,4614.0,59880.0,,2.07
2009Q2,68325.9,94.8,245864.0,14509.0,4423.0,58189.0,4987573.0,2.04
2009Q3,72667.9,92.8,249530.0,15470.0,4209.0,57880.0,,2.41
2009Q4,76620.0,93.3,249489.0,12388.0,4186.0,62240.0,,2.55
2010Q1,77863.0,97.7,250451.0,11403.0,3942.0,63729.0,,2.54
2010Q2,81173.4,103.5,254334.0,13666.0,3914.0,68544.0,5076732.0,2.67
2010Q3,81849.2,107.2,256513.0,13255.0,3933.0,69054.0,,1.95
2010Q4,86094.5,110.0,258243.0,12883.0,3963.0,75514.0,,1.98
2011Q1,86497.1,111.4,260108.0,12740.0,4044.0,76128.0,,2.57
2011Q2,86275.4,112.8,262162.0,13347.0,4001.0,83241.0,5183688.0,2.41
2011Q3,88171.1,113.7,266097.0,15520.0,3872.0,82460.0,,2.02
2011Q4,90424.3,114.2,268768.0,15980.0,3807.0,85724.0,,1.75
2012Q1,91158.7,114.5,270920.0,16127.0,3885.0,85954.0,,1.54
2012Q2,92559.5,114.8,273050.0,16115.0,3784.0,89087.0,5312437.0,1.55
2012Q3,90177.1,115.9,276346.0,16877.0,3785.0,88084.0,,1.4
2012Q4,94875.2,116.6,277620.0,14869.0,3860.0,92370.0,,1.34
2013Q1,93871.2,117.6,279824.0,14532.0,3804.0,91408.0,,1.42
2013Q2,95558.7,117.9,282528.0,15833.0,3825.0,90948.0,5399162.0,1.37
2013Q3,95966.9,118.2,286006.0,17459.0,3744.0,86981.0,,2.47
2013Q4,99473.5,117.6,289370.0,18003.0,3477.0,86541.0,,2.15
2014Q1,97186.8,116.8,293283.0,19284.0,3355.0,83044.0,,2.46
2014Q2,98324.3,116.1,297998.0,21268.0,3157.0,80476.0,5469724.0,2.42
2014Q3,99531.6,115.2,302510.0,21569.0,2981.0,76383.0,,2.46
2014Q4,103905.2,114.1,308814.0,24062.0,2909.0,72279.0,,2.29
2015Q1,103352.2,112.2,311635.0,22346.0,2823.0,69520.0,,1.88
2015Q2,104401.7,111.0,318524.0,25071.0,2774.0,64437.0,5535002.0,2.25
2015Q3,106226.0,110.3,322149.0,25169.0,2462.0,61715.0,,2.63
2015Q4,109464.2,108.9,327448.0,26517.0,2292.0,57867.0,,2.46
2016Q1,106913.3,107.5,330303.0,24919.0,1582.0,56015.0,,2.26
2016Q2,108209.8,106.9,338728.0,30310.0,1507.0,50339.0,5607283.0,2.0
2016Q3,110583.4,105.6,343647.0,29836.0,1383.0,47702.0,,1.81
2016Q4,117437.1,104.5,348080.0,29197.0,1352.0,47016.0,,1.89
2017Q1,116260.0,103.6,352310.0,28442.0,1255.0,43457.0,,2.3
2017Q2,115054.1,103.4,356116.0,28888.0,1199.0,43465.0,5612253.0,2.13
2017Q3,117965.2,103.4,360090.0,30136.0,1196.0,41858.0,,2.1
2017Q4,126856.9,102.5,364295.0,28560.0,1234.0,49618.0,,2.15
2018Q1,122102.9,102.8,365591.0,26906.0,1180.0,50907.0,,2.2
2018Q2,124768.9,103.8,366743.0,26064.0,921.0,54402.0,5638676.0,2.6
2018Q3,129272.2,104.1,366826.0,25105.0,1034.0,57156.0,,2.46
2018Q4,133686.4,103.1,369991.0,23596.0,1000.0,56602.0,,2.51
2019Q1,126641.4,104.1,370944.0,23357.0,998.0,56130.0,,2.15
2019Q2,126345.0,105.5,371807.0,23636.0,864.0,54737.0,5703569.0,2.17
2019Q3,129077.2,105.6,372085.0,22819.0,788.0,53757.0,,1.92
2019Q4,131988.5,104.5,373561.0,20479.0,899.0,52514.0,,1.78
2020Q1,126567.9,105.6,374925.0,20322.0,863.0,51222.0,,1.61
2020Q2,108396.8,104.3,374752.0,20162.0,939.0,52116.0,5685807.0,0.9
2020Q3,120551.1,103.8,375156.0,23171.0,940.0,51514.0,,0.86
2020Q4,129086.2,103.9,376040.0,26394.0,954.0,51449.0,,0.81
2021Q1,137332.1,106.2,377817.0,24229.0,996.0,49910.0,,1.0
2021Q2,144879.1,109.3,379462.0,23854.0,1004.0,51386.0,5453566.0,1.59
2021Q3,149929.1,111.3,380187.0,24199.0,925.0,51176.0,,1.3
2021Q4,160484.7,114.2,382195.0,23060.0,953.0,52602.0,,1.84
2022Q1,169365.3,119.0,382978.0,20299.0,970.0,52802.0,,1.77
2022Q2,184735.6,127.0,385529.0,20765.0,962.0,53879.0,5637022.0,2.53
2022Q3,178946.2,137.9,386953.0,21898.0,934.0,54171.0,,2.66
2022Q4,175935.9,148.1,391198.0,21647.0,946.0,53846.0,,3.43
2023Q1,166415.4,158.8,394062.0,23624.0,887.0,51703.0,,2.97
2023Q2,168935.0,163.2,398289.0,25052.0,823.0,53472.0,5917648.0,2.76
2023Q3,170990.7,164.5,406663.0,34341.0,980.0,46146.0,,3.05
2023Q4,180056.9,161.0,410588.0,33340.0,1370.0,47191.0,,3.38
2024Q1,179753.3,157.9,410400.0,27729.0,1369.0,46335.0,,2.91
2024Q2,186169.2,156.6,412002.0,25169.0,1370.0,49598.0,6036860.0,3.45
2024Q3,196391.9,157.9,414671.0,29889.0,1368.0,44997.0,,2.88
2024Q4,203183.1,157.9,417733.0,27531.0,1337.0,45934.0,,2.82
2025Q1,189709.8,158.5,419869.0,27169.0,1335.0,44134.0,,2.92
2025Q2,192490.0,159.8,420142.0,30027.0,1316.0,48474.0,6111175.0,2.48
2025Q3,197686.6,161.7,421656.0,28901.0,1336.0,46787.0,,2.09
2025Q4,209642.8,160.9,423352.0,25570.0,1322.0,47358.0,,1.99
2026Q1,204554.1,161.4,424165.0,26158.0,1332.0,48111.0,,2.07
2026Q2,216339.3,162.5,424581.0,26961.0,1109.0,51677.0,,2.1
2026Q3,,,,,,,,2.35
